d985e2bb-609d-4368-875a-5d1790dfff75,fc33abc0-dd39-41a4-8274-bd9b0a02d5c1,27546102-2bd4-47c3-8fa4-ce8d3ac4784e,Acegli - p tab,ACECLOFENAC 100MG+PCM 325MG
6085e909-5f72-4a64-a6a8-a0a52d40feee,fc33abc0-dd39-41a4-8274-bd9b0a02d5c1,27546102-2bd4-47c3-8fa4-ce8d3ac4784e,Aceglo tab,ACECLOFENAC 100MG+PCM 325MG
ce52e2c0-9560-47b3-bd84-5e1da7c296c7,fc33abc0-dd39-41a4-8274-bd9b0a02d5c1,27546102-2bd4-47c3-8fa4-ce8d3ac4784e,Acenex plus tab,ACECLOFENAC 100MG+PCM 325MG
14a58a1b-0cda-4661-a60d-ef9b4c0777e7,fc33abc0-dd39-41a4-8274-bd9b0a02d5c1,27546102-2bd4-47c3-8fa4-ce8d3ac4784e,Akson tab,ACECLOFENAC 100MG+PCM 325MG
9aa3e944-7d6e-45ba-8cd0-94124be6a11e,fc33abc0-dd39-41a4-8274-bd9b0a02d5c1,27546102-2bd4-47c3-8fa4-ce8d3ac4784e,Aldonix-p tab,ACECLOFENAC 100MG+PCM 325MG
eb09fe0e-3284-4f2c-a5cf-884afd51e86c,fc33abc0-dd39-41a4-8274-bd9b0a02d5c1,27546102-2bd4-47c3-8fa4-ce8d3ac4784e,Algesic p tab,ACECLOFENAC 100MG+PCM 325MG
bac4f41c-0760-43f7-89a9-0e4e28744ac3,fc33abc0-dd39-41a4-8274-bd9b0a02d5c1,27546102-2bd4-47c3-8fa4-ce8d3ac4784e,Apce-p tab,ACECLOFENAC 100MG+PCM 325MG
6669ae04-7828-4914-8a4b-cfaece67306e,fc33abc0-dd39-41a4-8274-bd9b0a02d5c1,27546102-2bd4-47c3-8fa4-ce8d3ac4784e,Aquagesic  p tab,ACECLOFENAC 100MG+PCM 325MG
b02ac346-67e3-4543-a0a5-b22f3e7bd29d,fc33abc0-dd39-41a4-8274-bd9b0a02d5c1,27546102-2bd4-47c3-8fa4-ce8d3ac4784e,Eldigesic plus tab,ACECLOFENAC 100MG+PCM 325MG
e5749092-d2fe-437f-80fc-6c3f1623801a,fc33abc0-dd39-41a4-8274-bd9b0a02d5c1,27546102-2bd4-47c3-8fa4-ce8d3ac4784e,Zerocon p tab,ACECLOFENAC 100MG+PCM 325MG
6616635b-013d-442b-ad23-a41ef2eb8308,fc33abc0-dd39-41a4-8274-bd9b0a02d5c1,27546102-2bd4-47c3-8fa4-ce8d3ac4784e,Zeroder - p tab,ACECLOFENAC 100MG+PCM 325MG
a158a0c4-8174-473b-9095-942e2be4090c,fc33abc0-dd39-41a4-8274-bd9b0a02d5c1,27546102-2bd4-47c3-8fa4-ce8d3ac4784e,Acegli - mr tab,Aceclofenac 100MG+Pcm 325MG+Chlrorzoxazone 250MG
438b1367-8b6d-4751-97ff-4fd15704593c,fc33abc0-dd39-41a4-8274-bd9b0a02d5c1,27546102-2bd4-47c3-8fa4-ce8d3ac4784e,Aldonix-p mr tab,Aceclofenac 100MG+Pcm 325MG+Chlrorzoxazone 250MG
034b48ec-8371-4a07-8cdf-df3102f9ec73,fc33abc0-dd39-41a4-8274-bd9b0a02d5c1,27546102-2bd4-47c3-8fa4-ce8d3ac4784e,Apce-mr tab,Aceclofenac 100MG+Pcm 325MG+Chlrorzoxazone 250MG
f9493395-d29f-468d-855a-108ac274f3a1,fc33abc0-dd39-41a4-8274-bd9b0a02d5c1,27546102-2bd4-47c3-8fa4-ce8d3ac4784e,Aquafina - mr tab,Aceclofenac 100MG+Pcm 325MG+Chlrorzoxazone 250MG
58612ba8-ec41-4b8f-a8c2-2a4d78001df0,fc33abc0-dd39-41a4-8274-bd9b0a02d5c1,27546102-2bd4-47c3-8fa4-ce8d3ac4784e,Eldigesic - mr tab,Aceclofenac 100MG+Pcm 325MG+Chlrorzoxazone 250MG
9c1c3ef6-5859-4ca1-ada5-3ae96d791df1,fc33abc0-dd39-41a4-8274-bd9b0a02d5c1,27546102-2bd4-47c3-8fa4-ce8d3ac4784e,Zerocon - mr tab,Aceclofenac 100MG+Pcm 325MG+Chlrorzoxazone 250MG
d185c454-98be-4aac-8a73-acdc708bb2a0,fc33abc0-dd39-41a4-8274-bd9b0a02d5c1,27546102-2bd4-47c3-8fa4-ce8d3ac4784e,Zeroder - mr tab,Aceclofenac 100MG+Pcm 325MG+Chlrorzoxazone 250MG
5b1d56e8-06a9-4c3d-955e-4683c2999aee,fc33abc0-dd39-41a4-8274-bd9b0a02d5c1,27546102-2bd4-47c3-8fa4-ce8d3ac4784e,Acemol tab,ACECLOFENAC 100MG+PCM 500MG
032700f1-4850-45dd-9858-81168c7a772b,fc33abc0-dd39-41a4-8274-bd9b0a02d5c1,27546102-2bd4-47c3-8fa4-ce8d3ac4784e,Adworm tab,ALBENDAZOL 400MG
b6f76e25-50d6-4f8d-b13d-b2f1627fece4,fc33abc0-dd39-41a4-8274-bd9b0a02d5c1,27546102-2bd4-47c3-8fa4-ce8d3ac4784e,Adworm tab@10,ALBENDAZOL 400MG
a83e8b23-07ad-4338-aad7-cce5a6e1bd32,fc33abc0-dd39-41a4-8274-bd9b0a02d5c1,27546102-2bd4-47c3-8fa4-ce8d3ac4784e,Albi tab,ALBENDAZOL 400MG
660a76f3-a27d-447c-b1a9-bf14798f78f9,fc33abc0-dd39-41a4-8274-bd9b0a02d5c1,27546102-2bd4-47c3-8fa4-ce8d3ac4784e,Anz tab,ALBENDAZOL 400MG
e45039bf-c6af-45bf-9524-7930993e3933,fc33abc0-dd39-41a4-8274-bd9b0a02d5c1,27546102-2bd4-47c3-8fa4-ce8d3ac4784e,Abd syp,ALBENDAZOLE 10ML
eaba7d42-47c3-404e-b21b-8ec185a94e05,fc33abc0-dd39-41a4-8274-bd9b0a02d5c1,27546102-2bd4-47c3-8fa4-ce8d3ac4784e,Albectin syp,ALBENDAZOLE 10ML
9d53e5da-22e6-4853-8e78-d58a01a195b2,fc33abc0-dd39-41a4-8274-bd9b0a02d5c1,27546102-2bd4-47c3-8fa4-ce8d3ac4784e,Albi syp,ALBENDAZOLE 10ML
2327077f-fc67-4d0a-91f3-eae33a7e9640,fc33abc0-dd39-41a4-8274-bd9b0a02d5c1,27546102-2bd4-47c3-8fa4-ce8d3ac4784e,Keebend syp,ALBENDAZOLE 10ML
470a2966-dae6-438b-a8c3-e6478890a7aa,fc33abc0-dd39-41a4-8274-bd9b0a02d5c1,27546102-2bd4-47c3-8fa4-ce8d3ac4784e,Zolbend syp,ALBENDAZOLE 10ML
5c33dd48-7879-4235-8ed2-ce44be37c725,fc33abc0-dd39-41a4-8274-bd9b0a02d5c1,27546102-2bd4-47c3-8fa4-ce8d3ac4784e,Allofine - 100 tab,ALLOPURINOL 100MG
b685f6e0-5293-49f7-b758-c17591f11b38,fc33abc0-dd39-41a4-8274-bd9b0a02d5c1,27546102-2bd4-47c3-8fa4-ce8d3ac4784e,Alloric tab,ALLOPURINOL 100MG
81947f79-d868-4f64-9a1c-4b74f0016c35,fc33abc0-dd39-41a4-8274-bd9b0a02d5c1,27546102-2bd4-47c3-8fa4-ce8d3ac4784e,Zyrocon tab,ALLOPURINOL 100MG
73977571-9448-4b81-9ffc-a975a7502d2e,fc33abc0-dd39-41a4-8274-bd9b0a02d5c1,27546102-2bd4-47c3-8fa4-ce8d3ac4784e,Zolam 0.25mg tab,Alprazolam 0.25MG
3bc78d07-e7fe-4189-9764-eca784b47977,fc33abc0-dd39-41a4-8274-bd9b0a02d5c1,27546102-2bd4-47c3-8fa4-ce8d3ac4784e,Kof syrup xl 100ml,Ambroxyl Hydrochloride + Guiaphenesin + Phenylephrine Hcl + Chlorpheniramine Maleate
03d8eac2-e178-43f4-bdeb-df44788d46b5,fc33abc0-dd39-41a4-8274-bd9b0a02d5c1,27546102-2bd4-47c3-8fa4-ce8d3ac4784e,Ambrokin sg syp,AMBROXYL+SALBUTAMOL SULPHATE
a5677a06-cbba-4a11-afc4-c8278d049b6f,fc33abc0-dd39-41a4-8274-bd9b0a02d5c1,27546102-2bd4-47c3-8fa4-ce8d3ac4784e,Ambrokin-s syp,AMBROXYL+SALBUTAMOL SULPHATE
de255eb9-f74c-4de7-bd17-3b973e943cdc,fc33abc0-dd39-41a4-8274-bd9b0a02d5c1,27546102-2bd4-47c3-8fa4-ce8d3ac4784e,Tricuf as syp,AMBROXYL+SALBUTAMOL SULPHATE
3a729f46-035e-4bcb-82cb-f2c86d667640,fc33abc0-dd39-41a4-8274-bd9b0a02d5c1,27546102-2bd4-47c3-8fa4-ce8d3ac4784e,Lama tab,Amlodipine 5MG
47a40c6e-6c21-4094-bb60-4667bbb60c90,fc33abc0-dd39-41a4-8274-bd9b0a02d5c1,27546102-2bd4-47c3-8fa4-ce8d3ac4784e,Ceemox 250mg tab,AMOXYCILLIN  250MG
d4c35c48-5ede-4228-86df-723212efd285,fc33abc0-dd39-41a4-8274-bd9b0a02d5c1,27546102-2bd4-47c3-8fa4-ce8d3ac4784e,Ceemox - 250 dt,AMOXYCILLIN  250MG DISPERSIBLE
94bfc9c7-32cd-4358-8740-d0f26b93acc7,fc33abc0-dd39-41a4-8274-bd9b0a02d5c1,27546102-2bd4-47c3-8fa4-ce8d3ac4784e,Cepmox  250 dt tab,AMOXYCILLIN  250MG DISPERSIBLE
7367ddba-777c-41d1-abd1-910e70f82429,fc33abc0-dd39-41a4-8274-bd9b0a02d5c1,27546102-2bd4-47c3-8fa4-ce8d3ac4784e,Pentamox 250 dt tab,AMOXYCILLIN  250MG DISPERSIBLE
c4d4b5a4-ffe7-4d36-9303-d96b9f2c9cc0,fc33abc0-dd39-41a4-8274-bd9b0a02d5c1,27546102-2bd4-47c3-8fa4-ce8d3ac4784e,Ceemox l,AMOXYCILLIN  250MG+CLOXACILIN 250MG+LACTIC ACID BACILLUS 150MG
93c9a45f-0509-4de3-8f7c-431a690871cf,fc33abc0-dd39-41a4-8274-bd9b0a02d5c1,27546102-2bd4-47c3-8fa4-ce8d3ac4784e,Pasdox lb cap,AMOXYCILLIN  250MG+CLOXACILIN 250MG+LACTIC ACID BACILLUS 150MG
92c80dec-5aed-4cf6-8d6b-4dd7bb85a34b,fc33abc0-dd39-41a4-8274-bd9b0a02d5c1,27546102-2bd4-47c3-8fa4-ce8d3ac4784e,Cepmox 500mg tab,AMOXYCILLIN  500MG
cdc82afc-13c8-40d2-8270-d99c4f941e62,fc33abc0-dd39-41a4-8274-bd9b0a02d5c1,27546102-2bd4-47c3-8fa4-ce8d3ac4784e,Moxel - 500 cap,AMOXYCILLIN  500MG
eeff8d4a-b1b8-492f-8795-19b19629a643,fc33abc0-dd39-41a4-8274-bd9b0a02d5c1,27546102-2bd4-47c3-8fa4-ce8d3ac4784e,Moxgee 500 cap,AMOXYCILLIN  500MG
6db30aa6-c817-44c0-8268-4a61c27b12d7,fc33abc0-dd39-41a4-8274-bd9b0a02d5c1,27546102-2bd4-47c3-8fa4-ce8d3ac4784e,Moxigo 500 tab,AMOXYCILLIN  500MG
bd87f741-bb41-42d8-bbdf-18a42fccd55e,fc33abc0-dd39-41a4-8274-bd9b0a02d5c1,27546102-2bd4-47c3-8fa4-ce8d3ac4784e,Pentamox 500 cap,AMOXYCILLIN  500MG
554ee6b6-cfee-4a4d-872e-79e74c0d39ed,fc33abc0-dd39-41a4-8274-bd9b0a02d5c1,27546102-2bd4-47c3-8fa4-ce8d3ac4784e,Affymox dry syp,AMOXYCILLIN 125MG 30ML
a903527d-5f7d-4cc1-a0bf-f05a9a019993,fc33abc0-dd39-41a4-8274-bd9b0a02d5c1,27546102-2bd4-47c3-8fa4-ce8d3ac4784e,Amoxy syp,AMOXYCILLIN 125MG 30ML
b0e28b85-8d0c-47b7-a580-c3417f43001b,fc33abc0-dd39-41a4-8274-bd9b0a02d5c1,27546102-2bd4-47c3-8fa4-ce8d3ac4784e,Ceemox dry syp,AMOXYCILLIN 125MG 30ML
a8e5365b-e082-481d-a5f8-673ec634eedd,fc33abc0-dd39-41a4-8274-bd9b0a02d5c1,27546102-2bd4-47c3-8fa4-ce8d3ac4784e,Cepmox dry syp,AMOXYCILLIN 125MG 30ML
dab7b2b1-5590-4d51-a578-7d952211f70b,fc33abc0-dd39-41a4-8274-bd9b0a02d5c1,27546102-2bd4-47c3-8fa4-ce8d3ac4784e,Moxyglo dry syp 30ml,AMOXYCILLIN 125MG 30ML
c58b7ff5-dea7-4421-85de-34f27032198f,fc33abc0-dd39-41a4-8274-bd9b0a02d5c1,27546102-2bd4-47c3-8fa4-ce8d3ac4784e,Zymox-125 dry syp,AMOXYCILLIN 125MG 30ML
098363fc-3c83-42d8-858d-650b07df28b5,fc33abc0-dd39-41a4-8274-bd9b0a02d5c1,27546102-2bd4-47c3-8fa4-ce8d3ac4784e,Moxyglo dry syp,AMOXYCILLIN 125MG 60ML
2a8a6b18-f5ea-4899-8284-6cde475be467,fc33abc0-dd39-41a4-8274-bd9b0a02d5c1,27546102-2bd4-47c3-8fa4-ce8d3ac4784e,Ronemox dry syrup,AMOXYCILLIN 125MG 60ML
9c333f06-bec0-4156-90df-53d949373511,fc33abc0-dd39-41a4-8274-bd9b0a02d5c1,27546102-2bd4-47c3-8fa4-ce8d3ac4784e,Amclavanic dry syp,AMOXYCILLIN 200MG+POTASSIUM CLAVULANATE 28.5MG
cad6b123-c738-4c27-adbf-dfdb4ba88022,fc33abc0-dd39-41a4-8274-bd9b0a02d5c1,27546102-2bd4-47c3-8fa4-ce8d3ac4784e,Amoxyclav syp,AMOXYCILLIN 200MG+POTASSIUM CLAVULANATE 28.5MG
61fef28a-3364-493f-ac5b-4911fb9b7363,fc33abc0-dd39-41a4-8274-bd9b0a02d5c1,27546102-2bd4-47c3-8fa4-ce8d3ac4784e,Doo clave dry syp,AMOXYCILLIN 200MG+POTASSIUM CLAVULANATE 28.5MG
5bd3bf9c-2f54-4bfe-96dd-332f7ef5e8b3,fc33abc0-dd39-41a4-8274-bd9b0a02d5c1,27546102-2bd4-47c3-8fa4-ce8d3ac4784e,Duoclav ds syp,AMOXYCILLIN 200MG+POTASSIUM CLAVULANATE 28.5MG
88714b0b-2c8c-4484-a1db-a5a812ce59dd,fc33abc0-dd39-41a4-8274-bd9b0a02d5c1,27546102-2bd4-47c3-8fa4-ce8d3ac4784e,Nitimox-cv dry syp,AMOXYCILLIN 200MG+POTASSIUM CLAVULANATE 28.5MG
d00249e7-96d1-40ac-9737-7bd0fea90d89,fc33abc0-dd39-41a4-8274-bd9b0a02d5c1,27546102-2bd4-47c3-8fa4-ce8d3ac4784e,Pentamentin ds syp,AMOXYCILLIN 200MG+POTASSIUM CLAVULANATE 28.5MG
932c3ded-9c19-4577-b814-5b18569afc8d,fc33abc0-dd39-41a4-8274-bd9b0a02d5c1,27546102-2bd4-47c3-8fa4-ce8d3ac4784e,Tico clav dry syp,AMOXYCILLIN 200MG+POTASSIUM CLAVULANATE 28.5MG
681437c0-35fa-4750-afab-82761a64da4b,fc33abc0-dd39-41a4-8274-bd9b0a02d5c1,27546102-2bd4-47c3-8fa4-ce8d3ac4784e,Zymox-cv dry syp,AMOXYCILLIN 200MG+POTASSIUM CLAVULANATE 28.5MG
f3af2910-bb3a-4244-8c75-513c12fd6077,fc33abc0-dd39-41a4-8274-bd9b0a02d5c1,27546102-2bd4-47c3-8fa4-ce8d3ac4784e,Indclox 500 tab,AMOXYCILLIN 250MG+DICLOXACILLIN 250MG
af9e5f63-ad7a-4129-acfb-2fa8f1e18600,fc33abc0-dd39-41a4-8274-bd9b0a02d5c1,27546102-2bd4-47c3-8fa4-ce8d3ac4784e,Amclavanic 625mg @10,AMOXYCILLIN 500MG+CLAVULANIC125MG
e38ddd83-5d29-4b7f-aebd-7407f5418432,fc33abc0-dd39-41a4-8274-bd9b0a02d5c1,27546102-2bd4-47c3-8fa4-ce8d3ac4784e,Amclavanic 625mg tab,AMOXYCILLIN 500MG+CLAVULANIC125MG
55994ab9-8d52-4924-ba76-5b75b9f1863c,fc33abc0-dd39-41a4-8274-bd9b0a02d5c1,27546102-2bd4-47c3-8fa4-ce8d3ac4784e,Amnate 625 tab,AMOXYCILLIN 500MG+CLAVULANIC125MG
3c2aafe0-ab01-47f6-9a2e-3714407d665f,fc33abc0-dd39-41a4-8274-bd9b0a02d5c1,27546102-2bd4-47c3-8fa4-ce8d3ac4784e,Amoxclav 625 tab,AMOXYCILLIN 500MG+CLAVULANIC125MG
ebe23307-26e5-4435-aaf9-6813e449d329,fc33abc0-dd39-41a4-8274-bd9b0a02d5c1,27546102-2bd4-47c3-8fa4-ce8d3ac4784e,Ceemox cv 625 tab,AMOXYCILLIN 500MG+CLAVULANIC125MG
be44e33c-e00b-485a-b3c2-d529a435a158,fc33abc0-dd39-41a4-8274-bd9b0a02d5c1,27546102-2bd4-47c3-8fa4-ce8d3ac4784e,Clavamentin 625 tab @6,AMOXYCILLIN 500MG+CLAVULANIC125MG
6c042014-29dd-4268-a12f-ed656f8bf42a,fc33abc0-dd39-41a4-8274-bd9b0a02d5c1,27546102-2bd4-47c3-8fa4-ce8d3ac4784e,Clavgli-625 tab,AMOXYCILLIN 500MG+CLAVULANIC125MG
23de2479-db89-4c1c-8a6f-30e99d273af6,fc33abc0-dd39-41a4-8274-bd9b0a02d5c1,27546102-2bd4-47c3-8fa4-ce8d3ac4784e,Moxiax - 625 tab,AMOXYCILLIN 500MG+CLAVULANIC125MG
6802e326-8718-4a9e-8f4f-44c7cd6bcae7,fc33abc0-dd39-41a4-8274-bd9b0a02d5c1,27546102-2bd4-47c3-8fa4-ce8d3ac4784e,Moxy-cv 625 lb tab,AMOXYCILLIN 500MG+CLAVULANIC125MG
7fcc1351-16e7-4379-a010-0e22c9d05508,fc33abc0-dd39-41a4-8274-bd9b0a02d5c1,27546102-2bd4-47c3-8fa4-ce8d3ac4784e,Pentamentin 625 tab,AMOXYCILLIN 500MG+CLAVULANIC125MG
377f04b1-6b49-45f8-a42f-73c3f4cd8ba1,fc33abc0-dd39-41a4-8274-bd9b0a02d5c1,27546102-2bd4-47c3-8fa4-ce8d3ac4784e,Botagel mps syp,ANTACID SUSPENSION 170ML
1f748dec-c792-455c-95bd-05ff905e4926,fc33abc0-dd39-41a4-8274-bd9b0a02d5c1,27546102-2bd4-47c3-8fa4-ce8d3ac4784e,Diziced mps syp,ANTACID SUSPENSION 170ML
9630bb93-8a19-40ea-b8ae-791e6ccee89d,fc33abc0-dd39-41a4-8274-bd9b0a02d5c1,27546102-2bd4-47c3-8fa4-ce8d3ac4784e,Elcid mps syp,ANTACID SUSPENSION 170ML
316dd2f0-3ebf-48de-ad7b-26121ada3752,fc33abc0-dd39-41a4-8274-bd9b0a02d5c1,27546102-2bd4-47c3-8fa4-ce8d3ac4784e,Geluder mps syp,ANTACID SUSPENSION 170ML
c4f4c9d8-dff2-422d-9584-4a33c02c77c5,fc33abc0-dd39-41a4-8274-bd9b0a02d5c1,27546102-2bd4-47c3-8fa4-ce8d3ac4784e,Ashoke cordial syp,Arjun+Asmokechel+Satamuli 100 ML
80811b39-9f2a-41b7-a670-c7562e4b9bc1,fc33abc0-dd39-41a4-8274-bd9b0a02d5c1,27546102-2bd4-47c3-8fa4-ce8d3ac4784e,Cee cee z tab,Ascorbic Acid 500MG
16e2883f-642f-4708-a86f-371e95f81c19,fc33abc0-dd39-41a4-8274-bd9b0a02d5c1,27546102-2bd4-47c3-8fa4-ce8d3ac4784e,Celin tab,Ascorbic Acid 500MG
8091f15b-796b-460f-b6e3-6a7b893971a0,fc33abc0-dd39-41a4-8274-bd9b0a02d5c1,27546102-2bd4-47c3-8fa4-ce8d3ac4784e,Rucee tab,Ascorbic Acid 500MG
b13f5872-2c5e-43ea-a236-60ad0aa7b1fc,fc33abc0-dd39-41a4-8274-bd9b0a02d5c1,27546102-2bd4-47c3-8fa4-ce8d3ac4784e,Sencee tab,Ascorbic Acid 500MG
68d01703-3254-4807-b7b3-8a0a8198bc48,fc33abc0-dd39-41a4-8274-bd9b0a02d5c1,27546102-2bd4-47c3-8fa4-ce8d3ac4784e,Vit - c tab,Ascorbic Acid 500MG
2ecffc06-3a8a-4e6d-ab56-f981559b834e,fc33abc0-dd39-41a4-8274-bd9b0a02d5c1,27546102-2bd4-47c3-8fa4-ce8d3ac4784e,Ecosprin 75mg  tab,ASPIRIN 75MG
55ac7bac-0e47-486a-b860-8bf43ef9d318,fc33abc0-dd39-41a4-8274-bd9b0a02d5c1,27546102-2bd4-47c3-8fa4-ce8d3ac4784e,Atecon 50,ATENOLOL 50MG
034ee2b7-d139-4cbe-8779-5d1dc0f7d605,fc33abc0-dd39-41a4-8274-bd9b0a02d5c1,27546102-2bd4-47c3-8fa4-ce8d3ac4784e,Beta tab,ATENOLOL 50MG
de259885-33cc-4aba-a3c8-c2a64eb2917a,fc33abc0-dd39-41a4-8274-bd9b0a02d5c1,27546102-2bd4-47c3-8fa4-ce8d3ac4784e,Allenvas tab,ATORVASTATIN 10MG
84b46ebf-2e8a-4f66-8e90-fd0701ba4c42,fc33abc0-dd39-41a4-8274-bd9b0a02d5c1,27546102-2bd4-47c3-8fa4-ce8d3ac4784e,Atorvadoc 10,ATORVASTATIN 10MG
10abf790-e636-47eb-bd90-a554be6a93ef,fc33abc0-dd39-41a4-8274-bd9b0a02d5c1,27546102-2bd4-47c3-8fa4-ce8d3ac4784e,Atorvafine 10,ATORVASTATIN 10MG
f775fe3a-77c3-44c0-97aa-817d45bf876c,fc33abc0-dd39-41a4-8274-bd9b0a02d5c1,27546102-2bd4-47c3-8fa4-ce8d3ac4784e,Atyn tab,ATORVASTATIN 10MG
3c60477d-011e-4021-99be-0225a4cfe99a,fc33abc0-dd39-41a4-8274-bd9b0a02d5c1,27546102-2bd4-47c3-8fa4-ce8d3ac4784e,Avros 10mg,ATORVASTATIN 10MG
939ecbbc-3c73-4772-bfeb-12e10c784d8f,fc33abc0-dd39-41a4-8274-bd9b0a02d5c1,27546102-2bd4-47c3-8fa4-ce8d3ac4784e,Sazovas-10 tab,ATORVASTATIN 10MG
1a3b015b-ccc6-4b2c-bf24-be082882fcdd,fc33abc0-dd39-41a4-8274-bd9b0a02d5c1,27546102-2bd4-47c3-8fa4-ce8d3ac4784e,Statin-10 tab,ATORVASTATIN 10MG
52f7a871-b70a-4f78-b23b-776eb50c9c68,fc33abc0-dd39-41a4-8274-bd9b0a02d5c1,27546102-2bd4-47c3-8fa4-ce8d3ac4784e,Topin eye drop,Atropine Sulphate Opth Solution 5ml
297ee6bf-1834-47d7-a819-0474cdc2f3ab,fc33abc0-dd39-41a4-8274-bd9b0a02d5c1,27546102-2bd4-47c3-8fa4-ce8d3ac4784e,Azicin syp,Azithromycin 100MG 15ML
5f908bfc-3804-4ef7-8797-3f7ae9d1ddcc,fc33abc0-dd39-41a4-8274-bd9b0a02d5c1,27546102-2bd4-47c3-8fa4-ce8d3ac4784e,Aziphar-100 syp,Azithromycin 100MG 15ML
349b32d6-3535-46ec-91ba-52d21b644b1e,fc33abc0-dd39-41a4-8274-bd9b0a02d5c1,27546102-2bd4-47c3-8fa4-ce8d3ac4784e,Azit syp,Azithromycin 100MG 15ML
9cff2a17-65f1-49cd-b2ca-102ee87c3e51,fc33abc0-dd39-41a4-8274-bd9b0a02d5c1,27546102-2bd4-47c3-8fa4-ce8d3ac4784e,Onazit syp,Azithromycin 100MG 15ML
82bc7ba8-7e6b-4fb7-a679-031d9cb3ce1d,fc33abc0-dd39-41a4-8274-bd9b0a02d5c1,27546102-2bd4-47c3-8fa4-ce8d3ac4784e,Az 500 tab,Azithromycin 500MG
9b7cb350-a7fa-4e5a-b2d7-28d8747bbfc3,fc33abc0-dd39-41a4-8274-bd9b0a02d5c1,27546102-2bd4-47c3-8fa4-ce8d3ac4784e,Azidiva 500 tab,Azithromycin 500MG
fcd767df-b449-4cf1-ba16-df1d46f48b43,fc33abc0-dd39-41a4-8274-bd9b0a02d5c1,27546102-2bd4-47c3-8fa4-ce8d3ac4784e,Azigli - 500 tab,Azithromycin 500MG
a1e5ccf8-78e8-4d4b-a6a7-5573cf11f5d2,fc33abc0-dd39-41a4-8274-bd9b0a02d5c1,27546102-2bd4-47c3-8fa4-ce8d3ac4784e,Azit 500mg tab,Azithromycin 500MG
4b1fc7bf-76ae-4aa9-91ea-062ce4f4b4e6,fc33abc0-dd39-41a4-8274-bd9b0a02d5c1,27546102-2bd4-47c3-8fa4-ce8d3ac4784e,Quetoderm cream 5gm,Beclomethasone+Neomycin+Clotrimazole
7b1ce468-2909-40ea-bfd8-b4428b8eeaf3,fc33abc0-dd39-41a4-8274-bd9b0a02d5c1,27546102-2bd4-47c3-8fa4-ce8d3ac4784e,Quitoderm cream 5gm,Beclomethasone+Neomycin+Clotrimazole
159dea9f-9d8b-4cf4-bc1e-50581f665b35,fc33abc0-dd39-41a4-8274-bd9b0a02d5c1,27546102-2bd4-47c3-8fa4-ce8d3ac4784e,Quoderm cream,Beclomethasone+Neomycin+Clotrimazole
d023d857-c0fb-4277-a705-d7b12037d851,fc33abc0-dd39-41a4-8274-bd9b0a02d5c1,27546102-2bd4-47c3-8fa4-ce8d3ac4784e,Quranderm cream 5gm,Beclomethasone+Neomycin+Clotrimazole
76c66da4-934b-4f6b-890c-5a5c8e06203f,fc33abc0-dd39-41a4-8274-bd9b0a02d5c1,27546102-2bd4-47c3-8fa4-ce8d3ac4784e,Idozyl lotion (small),BENZYL BENZOATE EMULSION 25% 30ML
d1ae35ce-5f34-404a-ac8e-5ec10755946f,fc33abc0-dd39-41a4-8274-bd9b0a02d5c1,27546102-2bd4-47c3-8fa4-ce8d3ac4784e,Verticept-8 tab,BETAHISTINE 8 MG
4884c1d9-5017-441a-90d7-9af7cf6dcb6b,fc33abc0-dd39-41a4-8274-bd9b0a02d5c1,27546102-2bd4-47c3-8fa4-ce8d3ac4784e,Vertider 8 tab,BETAHISTINE 8 MG
9ca4f626-5989-4080-bc17-8d84931f9a71,fc33abc0-dd39-41a4-8274-bd9b0a02d5c1,27546102-2bd4-47c3-8fa4-ce8d3ac4784e,Beaton tab,BETAMETHASONE 0.5MG+PHOSPHATE
5f387f25-d236-45e6-bdd8-c862ef26ee66,fc33abc0-dd39-41a4-8274-bd9b0a02d5c1,27546102-2bd4-47c3-8fa4-ce8d3ac4784e,Betajan tab,BETAMETHASONE 0.5MG+PHOSPHATE
df78dcce-9388-4bdc-85be-b598246c43fa,fc33abc0-dd39-41a4-8274-bd9b0a02d5c1,27546102-2bd4-47c3-8fa4-ce8d3ac4784e,Betamethasone tab,BETAMETHASONE 0.5MG+PHOSPHATE
c9b6fd52-b6cd-404a-9256-f1a0df0ba210,fc33abc0-dd39-41a4-8274-bd9b0a02d5c1,27546102-2bd4-47c3-8fa4-ce8d3ac4784e,Betason tab,BETAMETHASONE 0.5MG+PHOSPHATE
c251b8bb-55d0-4c8c-8557-b526267f25b4,fc33abc0-dd39-41a4-8274-bd9b0a02d5c1,27546102-2bd4-47c3-8fa4-ce8d3ac4784e,Betason tab @20,BETAMETHASONE 0.5MG+PHOSPHATE
0c1b0bc9-bf00-4bc3-afb0-19cad9455d10,fc33abc0-dd39-41a4-8274-bd9b0a02d5c1,27546102-2bd4-47c3-8fa4-ce8d3ac4784e,Betasoul tab,BETAMETHASONE 0.5MG+PHOSPHATE
0bb0dc58-e011-4799-877d-23611f79095e,fc33abc0-dd39-41a4-8274-bd9b0a02d5c1,27546102-2bd4-47c3-8fa4-ce8d3ac4784e,Betlysone tab,BETAMETHASONE 0.5MG+PHOSPHATE
595e3224-51b8-4b77-93ac-67cd017ed6a9,fc33abc0-dd39-41a4-8274-bd9b0a02d5c1,27546102-2bd4-47c3-8fa4-ce8d3ac4784e,Betnecon tab,BETAMETHASONE 0.5MG+PHOSPHATE
68056b50-985c-4ebf-a916-919648ecc28a,fc33abc0-dd39-41a4-8274-bd9b0a02d5c1,27546102-2bd4-47c3-8fa4-ce8d3ac4784e,Betasone-n eye drop,Betamethasone+Neomycin Sulphate 10ML
174f9f0e-9c75-41e2-9221-5ff5a7ef872b,fc33abc0-dd39-41a4-8274-bd9b0a02d5c1,27546102-2bd4-47c3-8fa4-ce8d3ac4784e,Jhat hazyme  tab,BHASKARCHURNA +HINVASTAKCHURNA 100MG
9c2dd5ce-f80f-4bb2-93ad-4ce490447a82,fc33abc0-dd39-41a4-8274-bd9b0a02d5c1,27546102-2bd4-47c3-8fa4-ce8d3ac4784e,Bylax tab,BISACODYL  5MG
042cd4d4-b034-4e54-89b7-40eb9a459408,fc33abc0-dd39-41a4-8274-bd9b0a02d5c1,27546102-2bd4-47c3-8fa4-ce8d3ac4784e,Diolex tab,BISACODYL  5MG
8f64be0e-cf27-4c2e-8361-7dd99fcdd6ff,fc33abc0-dd39-41a4-8274-bd9b0a02d5c1,27546102-2bd4-47c3-8fa4-ce8d3ac4784e,Dulax tab,BISACODYL  5MG
2f074270-4cd3-42ce-89c4-71049b3c6061,fc33abc0-dd39-41a4-8274-bd9b0a02d5c1,27546102-2bd4-47c3-8fa4-ce8d3ac4784e,Dycolex tab,BISACODYL  5MG
77ba5cd4-0dac-4f50-9934-1d6e9ef2343b,fc33abc0-dd39-41a4-8274-bd9b0a02d5c1,27546102-2bd4-47c3-8fa4-ce8d3ac4784e,Koplax tab,BISACODYL  5MG
61599329-3bd8-4093-a1c0-c6b2da31a5e4,fc33abc0-dd39-41a4-8274-bd9b0a02d5c1,27546102-2bd4-47c3-8fa4-ce8d3ac4784e,Laxopen tab,BISACODYL  5MG
9d516239-3a9a-438b-af90-7d0e67fbd626,fc33abc0-dd39-41a4-8274-bd9b0a02d5c1,27546102-2bd4-47c3-8fa4-ce8d3ac4784e,*heal-cal,CALCIUM 500MG+VITAMIN D3
fe4102d3-bc7b-45b4-804c-31f64b96be5d,fc33abc0-dd39-41a4-8274-bd9b0a02d5c1,27546102-2bd4-47c3-8fa4-ce8d3ac4784e,*paracal tab,CALCIUM 500MG+VITAMIN D3
9052ca41-6161-4d35-888a-6ca1e12d99c2,fc33abc0-dd39-41a4-8274-bd9b0a02d5c1,27546102-2bd4-47c3-8fa4-ce8d3ac4784e,Calcid tab,CALCIUM 500MG+VITAMIN D3
472ca049-7654-4767-90c5-fba7c25a4b0c,fc33abc0-dd39-41a4-8274-bd9b0a02d5c1,27546102-2bd4-47c3-8fa4-ce8d3ac4784e,Calcipar-d,CALCIUM 500MG+VITAMIN D3
83e85d3a-2c03-416b-9b43-d01a1b1bf909,fc33abc0-dd39-41a4-8274-bd9b0a02d5c1,27546102-2bd4-47c3-8fa4-ce8d3ac4784e,Calder - 500 tab,CALCIUM 500MG+VITAMIN D3
7d1eb959-9f2e-4ddc-9cb7-4f61d404c9db,fc33abc0-dd39-41a4-8274-bd9b0a02d5c1,27546102-2bd4-47c3-8fa4-ce8d3ac4784e,Elcal-d3 tab,CALCIUM 500MG+VITAMIN D3
ad891344-c763-4f39-87f9-3e73b62f199f,fc33abc0-dd39-41a4-8274-bd9b0a02d5c1,27546102-2bd4-47c3-8fa4-ce8d3ac4784e,Parcal 500 tab,CALCIUM 500MG+VITAMIN D3
44360ad4-8448-4bdd-bd37-e7e314a6f492,fc33abc0-dd39-41a4-8274-bd9b0a02d5c1,27546102-2bd4-47c3-8fa4-ce8d3ac4784e,Shelcon tab,CALCIUM 500MG+VITAMIN D3
f7aa1461-94fd-443a-a343-8d79a6478144,fc33abc0-dd39-41a4-8274-bd9b0a02d5c1,27546102-2bd4-47c3-8fa4-ce8d3ac4784e,Shelcon tab @ 300,CALCIUM 500MG+VITAMIN D3
7882db62-67a2-434e-bd40-983a46a95305,fc33abc0-dd39-41a4-8274-bd9b0a02d5c1,27546102-2bd4-47c3-8fa4-ce8d3ac4784e,Calgli tab,CALCIUM CITRATE + CALCITRIOL ZINC + MANGANESE TAB
f4a4bdbd-d593-44f7-b3ad-3285a2676d7f,fc33abc0-dd39-41a4-8274-bd9b0a02d5c1,27546102-2bd4-47c3-8fa4-ce8d3ac4784e,Ceptdrox-500 tab,CEFADROXIL 500 MG
e1b5acd7-5779-4572-9d92-c7b5af2f7689,fc33abc0-dd39-41a4-8274-bd9b0a02d5c1,27546102-2bd4-47c3-8fa4-ce8d3ac4784e,Cefixm-200 lb tablets,CEFIXIME & LACTIC ACID BACILLUS DISPERSIBLE TABLETS
1a71306e-bb98-42a0-8892-fb46749bcb21,fc33abc0-dd39-41a4-8274-bd9b0a02d5c1,27546102-2bd4-47c3-8fa4-ce8d3ac4784e,Tocin-lb tab,CEFIXIME & LACTIC ACID BACILLUS DISPERSIBLE TABLETS
ae6b0a0b-9814-47fa-bb80-769921c3af35,fc33abc0-dd39-41a4-8274-bd9b0a02d5c1,27546102-2bd4-47c3-8fa4-ce8d3ac4784e,Cefexo 200 tab,CEFIXIME 200MG
55118629-597b-40df-b456-686d226c5d9c,fc33abc0-dd39-41a4-8274-bd9b0a02d5c1,27546102-2bd4-47c3-8fa4-ce8d3ac4784e,Ceftis tab,CEFIXIME 200MG
6b41d34b-a04d-48dc-bef1-ee163f02da28,fc33abc0-dd39-41a4-8274-bd9b0a02d5c1,27546102-2bd4-47c3-8fa4-ce8d3ac4784e,Faxim  tab,CEFIXIME 200MG
e09f5efe-b0fd-4d67-80d2-2185551d8c1f,fc33abc0-dd39-41a4-8274-bd9b0a02d5c1,27546102-2bd4-47c3-8fa4-ce8d3ac4784e,Tax o 200 dt,CEFIXIME 200MG
5b35fa6b-382c-4b52-b9ec-9251261e52fc,fc33abc0-dd39-41a4-8274-bd9b0a02d5c1,27546102-2bd4-47c3-8fa4-ce8d3ac4784e,Tocin o dt tab,CEFIXIME 200MG
425cedb7-8c27-4e19-974c-0bc12542d06f,fc33abc0-dd39-41a4-8274-bd9b0a02d5c1,27546102-2bd4-47c3-8fa4-ce8d3ac4784e,Cefydoc-o dry syp,CEFIXIME 30ML
d9885fe3-b1d9-4e61-8a2d-f9a2d9625449,fc33abc0-dd39-41a4-8274-bd9b0a02d5c1,27546102-2bd4-47c3-8fa4-ce8d3ac4784e,Cifiglo dry syp,CEFIXIME 30ML
bc6e582c-e52a-455b-9543-fbfba2f30ddc,fc33abc0-dd39-41a4-8274-bd9b0a02d5c1,27546102-2bd4-47c3-8fa4-ce8d3ac4784e,Faxim dry syp,CEFIXIME 30ML
e0c4c019-9636-4048-9f16-c003e671f1e5,fc33abc0-dd39-41a4-8274-bd9b0a02d5c1,27546102-2bd4-47c3-8fa4-ce8d3ac4784e,K cef dry syp,CEFIXIME 30ML
0cd00e67-2370-4a20-8669-f7b1d1f0909a,fc33abc0-dd39-41a4-8274-bd9b0a02d5c1,27546102-2bd4-47c3-8fa4-ce8d3ac4784e,Netfix - 50 dry syp,CEFIXIME 30ML
26eeee9a-e6dc-4660-9393-0fa0ce398402,fc33abc0-dd39-41a4-8274-bd9b0a02d5c1,27546102-2bd4-47c3-8fa4-ce8d3ac4784e,Rakxim dry syp,CEFIXIME 30ML
1ed9cdb7-440f-44d1-a491-4f70aeb3e2f8,fc33abc0-dd39-41a4-8274-bd9b0a02d5c1,27546102-2bd4-47c3-8fa4-ce8d3ac4784e,Tocin o ds susp,CEFIXIME 30ML
88b7c2e5-24e8-4e75-aa90-515e32e683db,fc33abc0-dd39-41a4-8274-bd9b0a02d5c1,27546102-2bd4-47c3-8fa4-ce8d3ac4784e,Ceephax-500,CEPHALEXIN  500MG
1d7de283-9072-4feb-a2d6-ad20ddce7a82,fc33abc0-dd39-41a4-8274-bd9b0a02d5c1,27546102-2bd4-47c3-8fa4-ce8d3ac4784e,Cephacept 500 tab,CEPHALEXIN  500MG
e1fcd1d4-f549-4db9-b9eb-ddd755c1f0d5,fc33abc0-dd39-41a4-8274-bd9b0a02d5c1,27546102-2bd4-47c3-8fa4-ce8d3ac4784e,Pexin 500 tab,CEPHALEXIN  500MG
3a89f371-b71f-459a-b988-696b29b94d56,fc33abc0-dd39-41a4-8274-bd9b0a02d5c1,27546102-2bd4-47c3-8fa4-ce8d3ac4784e,Phexipen 125 dt,CEPHALEXIN 125MG
a83a6e25-646d-45f0-990d-6ead0afeda1b,fc33abc0-dd39-41a4-8274-bd9b0a02d5c1,27546102-2bd4-47c3-8fa4-ce8d3ac4784e,Rofex dt tab,CEPHALEXIN 125MG
93ccdb84-6f9a-4100-a682-4045ed569a9d,fc33abc0-dd39-41a4-8274-bd9b0a02d5c1,27546102-2bd4-47c3-8fa4-ce8d3ac4784e,Zeriphex 125 dt,CEPHALEXIN 125MG
d4037426-c1e9-4ec6-8e4c-6e0294cf9550,fc33abc0-dd39-41a4-8274-bd9b0a02d5c1,27546102-2bd4-47c3-8fa4-ce8d3ac4784e,Sporimed syp,CEPHALEXIN 125MG 30ML
f77ccb65-8d1c-4ca1-86cc-e89ba9e11454,fc33abc0-dd39-41a4-8274-bd9b0a02d5c1,27546102-2bd4-47c3-8fa4-ce8d3ac4784e,Zeriphex syp,CEPHALEXIN 125MG 30ML
14e46a1f-8168-4bd5-902e-07c927a0e0df,fc33abc0-dd39-41a4-8274-bd9b0a02d5c1,27546102-2bd4-47c3-8fa4-ce8d3ac4784e,Setimed susp,Cetrizine 30ML
f504a686-4355-4d8b-a2f2-09513251f510,fc33abc0-dd39-41a4-8274-bd9b0a02d5c1,27546102-2bd4-47c3-8fa4-ce8d3ac4784e,Cetrizine tabs,Cetrizine Hydrochloride
d7158f0c-8985-44dd-b562-e7f473dc1ce4,fc33abc0-dd39-41a4-8274-bd9b0a02d5c1,27546102-2bd4-47c3-8fa4-ce8d3ac4784e,Citizd tab 10mg,Cetrizine Hydrochloride
e9d707e7-2a60-4b18-ade7-52be6d34748c,fc33abc0-dd39-41a4-8274-bd9b0a02d5c1,27546102-2bd4-47c3-8fa4-ce8d3ac4784e,Zinact tab 10mg,Cetrizine Hydrochloride
f84e9529-6273-4663-bd3e-9c85678153e9,fc33abc0-dd39-41a4-8274-bd9b0a02d5c1,27546102-2bd4-47c3-8fa4-ce8d3ac4784e,Cpc eye drops,CHLORAMPHENICOL 10ML
be1043cc-e845-4299-a968-9ea70eadd8ef,fc33abc0-dd39-41a4-8274-bd9b0a02d5c1,27546102-2bd4-47c3-8fa4-ce8d3ac4784e,Monachlor eye drop,CHLORAMPHENICOL 5ML
e609bc5e-75ad-424d-9c85-9e0ccc447aab,fc33abc0-dd39-41a4-8274-bd9b0a02d5c1,27546102-2bd4-47c3-8fa4-ce8d3ac4784e,Cafdx  eye drop,CHLORAMPHENICOL+DEXA 10ML
40af3160-f407-474d-83f3-fcbdaa7c4d16,fc33abc0-dd39-41a4-8274-bd9b0a02d5c1,27546102-2bd4-47c3-8fa4-ce8d3ac4784e,Cpc-d drops,CHLORAMPHENICOL+DEXA 10ML
ee8b5dc7-aba1-47db-8162-4ef2f09ad2ab,fc33abc0-dd39-41a4-8274-bd9b0a02d5c1,27546102-2bd4-47c3-8fa4-ce8d3ac4784e,Ring care active cream,CHLOROCRESO+MICONAZOLE NITRATE+NEOMYCIN SULOHATE 15GM
55883cbf-7cbb-46ef-b6eb-29bb09b17c90,fc33abc0-dd39-41a4-8274-bd9b0a02d5c1,27546102-2bd4-47c3-8fa4-ce8d3ac4784e,Sorevin gel,Choline Salicylate+LIGNOCAIN HYDROCHLORIDE 15GM
58c3416f-3b99-45b0-9f2b-0f1022dbbe66,fc33abc0-dd39-41a4-8274-bd9b0a02d5c1,27546102-2bd4-47c3-8fa4-ce8d3ac4784e,Ciprocetin eye drop,CIPROFLOXACIN 10ML
272d12d0-6db8-483a-9607-033965217b05,fc33abc0-dd39-41a4-8274-bd9b0a02d5c1,27546102-2bd4-47c3-8fa4-ce8d3ac4784e,Ricip eye drop,CIPROFLOXACIN 10ML
c9a65853-0ec3-455d-b0a0-860e0471d5d0,fc33abc0-dd39-41a4-8274-bd9b0a02d5c1,27546102-2bd4-47c3-8fa4-ce8d3ac4784e,Ulticept eye drop,CIPROFLOXACIN 10ML
af576efa-5323-4376-8545-2732eeca5f14,fc33abc0-dd39-41a4-8274-bd9b0a02d5c1,27546102-2bd4-47c3-8fa4-ce8d3ac4784e,Cpglow tab,CIPROFLOXACIN 500MG
062196c8-ee27-471d-bbe1-3778c38ccd67,fc33abc0-dd39-41a4-8274-bd9b0a02d5c1,27546102-2bd4-47c3-8fa4-ce8d3ac4784e,Ulticept tab,CIPROFLOXACIN 500MG
60fbb85d-883b-4cbf-8a6f-c8386fe1f051,fc33abc0-dd39-41a4-8274-bd9b0a02d5c1,27546102-2bd4-47c3-8fa4-ce8d3ac4784e,Ciprozen eye ointment,CIPROFLOXACIN 5GM
668959d9-cf7b-4fdf-9ec4-1f95402fb787,fc33abc0-dd39-41a4-8274-bd9b0a02d5c1,27546102-2bd4-47c3-8fa4-ce8d3ac4784e,Cipro cf cream 5gm,Ciprofloxacin Hydrochloride+Fluocinolon Acetonide+Clotrimazole
824c8d46-5540-4572-9e11-f59302316cac,fc33abc0-dd39-41a4-8274-bd9b0a02d5c1,27546102-2bd4-47c3-8fa4-ce8d3ac4784e,Ulticept fc cream 10gm,Ciprofloxacin Hydrochloride+Fluocinolon Acetonide+Clotrimazole
3380fe7b-1d30-4c15-82b4-285aaa3edc01,fc33abc0-dd39-41a4-8274-bd9b0a02d5c1,27546102-2bd4-47c3-8fa4-ce8d3ac4784e,Ciprocetin dx eye drop,CIPROFLOXACIN+DEXA
94aad9d9-2e81-42bd-9dab-b8f2a1ad0492,fc33abc0-dd39-41a4-8274-bd9b0a02d5c1,27546102-2bd4-47c3-8fa4-ce8d3ac4784e,Floxip-tz tab,CIPROFLOXACIN+TINIDAZOLE
1c98be7d-eeda-4a8b-9121-a7c2d17eaa2e,fc33abc0-dd39-41a4-8274-bd9b0a02d5c1,27546102-2bd4-47c3-8fa4-ce8d3ac4784e,Ulticept tz tab,CIPROFLOXACIN+TINIDAZOLE
6735e3fa-0c2a-48b7-9802-565a711c1f44,fc33abc0-dd39-41a4-8274-bd9b0a02d5c1,27546102-2bd4-47c3-8fa4-ce8d3ac4784e,Clobon tab,CLOBAZAM 10MG
f5080afc-266f-4495-b4dd-f277c77840c3,fc33abc0-dd39-41a4-8274-bd9b0a02d5c1,27546102-2bd4-47c3-8fa4-ce8d3ac4784e,Clobeta gm cream 10gm,CLOBETASOL NEOMYCIN
15800d08-1f6c-4ed5-9f63-0463ecb87794,fc33abc0-dd39-41a4-8274-bd9b0a02d5c1,27546102-2bd4-47c3-8fa4-ce8d3ac4784e,Clozol gm cream 10gm,CLOBETASOL NEOMYCIN
88853ea4-94dd-4f3b-a030-d7b45407fb02,fc33abc0-dd39-41a4-8274-bd9b0a02d5c1,27546102-2bd4-47c3-8fa4-ce8d3ac4784e,Conbeta gm cream 10gm,CLOBETASOL NEOMYCIN
ca050e98-606a-4c54-80a1-89cfacf16543,fc33abc0-dd39-41a4-8274-bd9b0a02d5c1,27546102-2bd4-47c3-8fa4-ce8d3ac4784e,Conbeta gm oin,CLOBETASOL PROPIONATE + NEOMYCIN SULPHATE + MICONAZOLE NITRATE
97ecbfe4-8833-4198-ae12-4fb4d31ee47c,fc33abc0-dd39-41a4-8274-bd9b0a02d5c1,27546102-2bd4-47c3-8fa4-ce8d3ac4784e,Tryoderm-gm cream,CLOBETASOL PROPIONATE + NEOMYCIN SULPHATE + MICONAZOLE NITRATE
7c7b0b62-e1e9-4df8-aca8-931a3c5a6d4d,fc33abc0-dd39-41a4-8274-bd9b0a02d5c1,27546102-2bd4-47c3-8fa4-ce8d3ac4784e,Candikus cream,Clotrimazole Cream 15GM
fc84a3fe-c021-4eb9-bb63-f3e45b717705,fc33abc0-dd39-41a4-8274-bd9b0a02d5c1,27546102-2bd4-47c3-8fa4-ce8d3ac4784e,Canrid cream,Clotrimazole Cream 15GM
06512d78-df6a-44f8-b791-c9b867f794f5,fc33abc0-dd39-41a4-8274-bd9b0a02d5c1,27546102-2bd4-47c3-8fa4-ce8d3ac4784e,Clodid vt 6 tab,CLOTRIMAZOLE VAGINAL TAB
442fb231-c54e-4e9c-ab9c-b6434a4da90c,fc33abc0-dd39-41a4-8274-bd9b0a02d5c1,27546102-2bd4-47c3-8fa4-ce8d3ac4784e,Clodoc-v6,CLOTRIMAZOLE VAGINAL TAB
655b2f68-8041-4b59-affa-e66301a9e17b,fc33abc0-dd39-41a4-8274-bd9b0a02d5c1,27546102-2bd4-47c3-8fa4-ce8d3ac4784e,Clotiact vt-6 tab,CLOTRIMAZOLE VAGINAL TAB
b1a10c70-b84a-4960-86b6-01c6e7f25b50,fc33abc0-dd39-41a4-8274-bd9b0a02d5c1,27546102-2bd4-47c3-8fa4-ce8d3ac4784e,Clotilo - vt cap,CLOTRIMAZOLE VAGINAL TAB
924b3d39-1d6a-40ba-ac67-0e166f0795b3,fc33abc0-dd39-41a4-8274-bd9b0a02d5c1,27546102-2bd4-47c3-8fa4-ce8d3ac4784e,Clozol- v6 tab,CLOTRIMAZOLE VAGINAL TAB
5125e91a-92c8-42a2-811a-97dda2f09fab,fc33abc0-dd39-41a4-8274-bd9b0a02d5c1,27546102-2bd4-47c3-8fa4-ce8d3ac4784e,Mazoderm-v,CLOTRIMAZOLE VAGINAL TAB
98e2dff7-e771-42f4-b3fe-5125fc6ba068,fc33abc0-dd39-41a4-8274-bd9b0a02d5c1,27546102-2bd4-47c3-8fa4-ce8d3ac4784e,Botacough syp,Cough Syrup 100ML
06cfdda6-d26a-4519-b3d8-e77f3bb5f2a5,fc33abc0-dd39-41a4-8274-bd9b0a02d5c1,27546102-2bd4-47c3-8fa4-ce8d3ac4784e,Botadryl syp,Cough Syrup 100ML
8f0a652a-933b-458a-a308-22ff8316d3b3,fc33abc0-dd39-41a4-8274-bd9b0a02d5c1,27546102-2bd4-47c3-8fa4-ce8d3ac4784e,Codex syp,Dextromethorphan Hydrobromide+Ammonium Chloride+Bromhexine Hydrochloride & Menthol Syrup
5fd08139-e2a2-4ff8-a00e-f72fde68e609,fc33abc0-dd39-41a4-8274-bd9b0a02d5c1,27546102-2bd4-47c3-8fa4-ce8d3ac4784e,Kof syp junior,Dextromethorpin+Phenylphrine+Chlorphinaramine 60ML
42aef488-9015-4efe-8b5b-d04bc3654204,fc33abc0-dd39-41a4-8274-bd9b0a02d5c1,27546102-2bd4-47c3-8fa4-ce8d3ac4784e,Diserin - glm tab,DIACERIN GLUCOSAMINE & METHYLSULFONYLMETHANE
af942c79-a272-4e8c-9955-97cc24348527,fc33abc0-dd39-41a4-8274-bd9b0a02d5c1,27546102-2bd4-47c3-8fa4-ce8d3ac4784e,Dicozox-p 10's,Diclofenac Potassium 50MG+Pcm 325MG+Chlrorzoxazone 250MG
6c1fac11-7887-4579-a300-a77bc6465ddf,fc33abc0-dd39-41a4-8274-bd9b0a02d5c1,27546102-2bd4-47c3-8fa4-ce8d3ac4784e,Dot,Diclofenac potassium paracetamol tab
5c6384ac-f454-4a18-b90f-f15d7f3edc76,fc33abc0-dd39-41a4-8274-bd9b0a02d5c1,27546102-2bd4-47c3-8fa4-ce8d3ac4784e,Visodic eye drop,DICLOFENAC SODIUM 10ML
2ed2e816-6a0c-4463-a914-963b38b2893a,fc33abc0-dd39-41a4-8274-bd9b0a02d5c1,27546102-2bd4-47c3-8fa4-ce8d3ac4784e,Diclo gesic-plus tab,Diclofenac Sodium 50MG+Pcm 250MG
dbbd66fa-9373-4505-bd55-d369847b38f0,fc33abc0-dd39-41a4-8274-bd9b0a02d5c1,27546102-2bd4-47c3-8fa4-ce8d3ac4784e,Diclodan forte tab,Diclofenac Sodium 50MG+Pcm 250MG
e0437486-e69a-4c00-bad8-1de70aacdb1c,fc33abc0-dd39-41a4-8274-bd9b0a02d5c1,27546102-2bd4-47c3-8fa4-ce8d3ac4784e,Diclo plus,Diclofenac Sodium 50MG+Pcm 325MG
95b396c7-0326-4f23-935e-1004f088f247,fc33abc0-dd39-41a4-8274-bd9b0a02d5c1,27546102-2bd4-47c3-8fa4-ce8d3ac4784e,Diclocept plus tab,Diclofenac Sodium 50MG+Pcm 325MG
d71bfeef-7a0c-4fa7-93f8-6a6c7648bbfd,fc33abc0-dd39-41a4-8274-bd9b0a02d5c1,27546102-2bd4-47c3-8fa4-ce8d3ac4784e,Diclodan tab,Diclofenac Sodium 50MG+Pcm 325MG
532bff26-5cd0-49da-af68-4a3a6f6a3f53,fc33abc0-dd39-41a4-8274-bd9b0a02d5c1,27546102-2bd4-47c3-8fa4-ce8d3ac4784e,Diclofan plus tablet,Diclofenac Sodium 50MG+Pcm 325MG
8af7c280-769c-4b28-b61b-64f3fccd9b1f,fc33abc0-dd39-41a4-8274-bd9b0a02d5c1,27546102-2bd4-47c3-8fa4-ce8d3ac4784e,Diclomic plus,Diclofenac Sodium 50MG+Pcm 325MG
f4437da6-9db0-4e61-ac63-d9fa9d68d1f7,fc33abc0-dd39-41a4-8274-bd9b0a02d5c1,27546102-2bd4-47c3-8fa4-ce8d3ac4784e,Aldic relief tab,Diclofenac sodium 50MG+Pcm 325MG+chlortheniramine maletate 4mg+Magnesium trisilicate 100mg
eb57747a-86d4-4835-994d-14eb805abc6b,fc33abc0-dd39-41a4-8274-bd9b0a02d5c1,27546102-2bd4-47c3-8fa4-ce8d3ac4784e,Ceptzox mr tab,Diclofenac sodium 50MG+Pcm 325MG+Chlrorzoxazone 250MG
cc3e2077-fca1-4374-8ab8-42df02a021a0,fc33abc0-dd39-41a4-8274-bd9b0a02d5c1,27546102-2bd4-47c3-8fa4-ce8d3ac4784e,Dicmed-mr,Diclofenac sodium 50MG+Pcm 325MG+Chlrorzoxazone 250MG
f1a93cc3-cc38-49a6-a1c2-3bac4eb20196,fc33abc0-dd39-41a4-8274-bd9b0a02d5c1,27546102-2bd4-47c3-8fa4-ce8d3ac4784e,Inalgesic mr,Diclofenac sodium 50MG+Pcm 325MG+Chlrorzoxazone 250MG
4197d4a4-fa86-4120-a156-63f382be623c,fc33abc0-dd39-41a4-8274-bd9b0a02d5c1,27546102-2bd4-47c3-8fa4-ce8d3ac4784e,Painfree-mr tab,Diclofenac sodium 50MG+Pcm 325MG+Chlrorzoxazone 250MG
36ef2a51-d122-40fc-ab05-f32a509e639a,fc33abc0-dd39-41a4-8274-bd9b0a02d5c1,27546102-2bd4-47c3-8fa4-ce8d3ac4784e,Dacron gel 30gm,Diclofenac+Sodium
5b90f2b3-0fc0-48ab-bed7-3caabae49671,fc33abc0-dd39-41a4-8274-bd9b0a02d5c1,27546102-2bd4-47c3-8fa4-ce8d3ac4784e,Diclogel 30gm,Diclofenac+Sodium
acc47190-def8-435d-84fa-af44d63ee2c3,fc33abc0-dd39-41a4-8274-bd9b0a02d5c1,27546102-2bd4-47c3-8fa4-ce8d3ac4784e,Diclogesic gel,Diclofenac+Sodium
5f05516d-7153-48a9-9da9-88e687ca1147,fc33abc0-dd39-41a4-8274-bd9b0a02d5c1,27546102-2bd4-47c3-8fa4-ce8d3ac4784e,Diclostrong gel 30gm,Diclofenac+Sodium
8f0ae62e-0a1c-4473-9ad0-79b4aff1c135,fc33abc0-dd39-41a4-8274-bd9b0a02d5c1,27546102-2bd4-47c3-8fa4-ce8d3ac4784e,Onmi gel,Diclofenac+Sodium
f2784b9a-7400-4b14-97f6-162c7d06774f,fc33abc0-dd39-41a4-8274-bd9b0a02d5c1,27546102-2bd4-47c3-8fa4-ce8d3ac4784e,Pain counter gel,Diclofenac+Sodium
58f37971-4be6-4cb8-afc5-846daeb8d369,fc33abc0-dd39-41a4-8274-bd9b0a02d5c1,27546102-2bd4-47c3-8fa4-ce8d3ac4784e,Painex-gel,Diclofenac+Sodium
eb1d8041-5c0e-4a6e-aeaf-44c04fdbf1ff,fc33abc0-dd39-41a4-8274-bd9b0a02d5c1,27546102-2bd4-47c3-8fa4-ce8d3ac4784e,Penac gel 30gm,Diclofenac+Sodium
d49d3725-d3cb-4b02-83e9-3ccbae52fc26,fc33abc0-dd39-41a4-8274-bd9b0a02d5c1,27546102-2bd4-47c3-8fa4-ce8d3ac4784e,Spasypen drop,Dicyclomine Hcl and Activated Dimethicone 10ML
7378d5c6-65dc-482d-8d09-a1a1f3cf2101,fc33abc0-dd39-41a4-8274-bd9b0a02d5c1,27546102-2bd4-47c3-8fa4-ce8d3ac4784e,Cyclopex tab,Dicylomine 20MG Hcl+Pcm 325MG
771ea29a-91be-497f-993d-058441036c78,fc33abc0-dd39-41a4-8274-bd9b0a02d5c1,27546102-2bd4-47c3-8fa4-ce8d3ac4784e,Spascept tab,Dicylomine 20MG Hcl+Pcm 325MG
a712eee1-7269-4fef-8b8c-c36d497e67d4,fc33abc0-dd39-41a4-8274-bd9b0a02d5c1,27546102-2bd4-47c3-8fa4-ce8d3ac4784e,Spascept tab @20,Dicylomine 20MG Hcl+Pcm 325MG
504328ae-9535-48ee-8fce-d135e0ba2f68,fc33abc0-dd39-41a4-8274-bd9b0a02d5c1,27546102-2bd4-47c3-8fa4-ce8d3ac4784e,Spasder tab,Dicylomine 20MG Hcl+Pcm 325MG
83444497-2f67-4c96-a3ba-f328f926a2f4,fc33abc0-dd39-41a4-8274-bd9b0a02d5c1,27546102-2bd4-47c3-8fa4-ce8d3ac4784e,Beldradryl syp,Diphenlydramine Hydrochloride+Ammonium Chloride+Sodium Citrate 100ML
518fd385-f893-4981-8af8-ddcf39588b15,fc33abc0-dd39-41a4-8274-bd9b0a02d5c1,27546102-2bd4-47c3-8fa4-ce8d3ac4784e,Bensidryl syp,Diphenlydramine Hydrochloride+Ammonium Chloride+Sodium Citrate 100ML
cffb10f0-09d1-4314-bb10-586fc86effc2,fc33abc0-dd39-41a4-8274-bd9b0a02d5c1,27546102-2bd4-47c3-8fa4-ce8d3ac4784e,Condryl syp,Diphenlydramine Hydrochloride+Ammonium Chloride+Sodium Citrate 100ML
e4f50250-bc36-4668-aa8c-df13daba8ee2,fc33abc0-dd39-41a4-8274-bd9b0a02d5c1,27546102-2bd4-47c3-8fa4-ce8d3ac4784e,Elbidryl syrup,Diphenlydramine Hydrochloride+Ammonium Chloride+Sodium Citrate 100ML
24df5971-bd54-49b9-a536-0184852d7126,fc33abc0-dd39-41a4-8274-bd9b0a02d5c1,27546102-2bd4-47c3-8fa4-ce8d3ac4784e,Domglo drop,DOMPERIDONE  30ML
43ad0668-d63f-4c3d-92a1-ac5b382d9ab0,fc33abc0-dd39-41a4-8274-bd9b0a02d5c1,27546102-2bd4-47c3-8fa4-ce8d3ac4784e,Domikan tab,DOMPERIDONE 10MG
0248ab44-82fc-4ee4-bf64-e0a2c63b95a7,fc33abc0-dd39-41a4-8274-bd9b0a02d5c1,27546102-2bd4-47c3-8fa4-ce8d3ac4784e,Domipen tab,DOMPERIDONE 10MG
5f310bc3-0eba-4543-a3b9-380490a0d40e,fc33abc0-dd39-41a4-8274-bd9b0a02d5c1,27546102-2bd4-47c3-8fa4-ce8d3ac4784e,Vomikop tab,DOMPERIDONE 10MG
699253b6-51e3-4325-bf54-ccdc62022dc9,fc33abc0-dd39-41a4-8274-bd9b0a02d5c1,27546102-2bd4-47c3-8fa4-ce8d3ac4784e,Doxycept cap,DOXYCYLCINE 100MG
4287a4b8-8cfa-4360-8e38-da7a728cb0ce,fc33abc0-dd39-41a4-8274-bd9b0a02d5c1,27546102-2bd4-47c3-8fa4-ce8d3ac4784e,Doxycept tab,DOXYCYLCINE 100MG
407fd2e5-1149-4148-bdcc-619e669c42dc,fc33abc0-dd39-41a4-8274-bd9b0a02d5c1,27546102-2bd4-47c3-8fa4-ce8d3ac4784e,Superdox cap,DOXYCYLCINE 100MG
9db9c93b-0a91-49b1-b5a9-7558147b1348,fc33abc0-dd39-41a4-8274-bd9b0a02d5c1,27546102-2bd4-47c3-8fa4-ce8d3ac4784e,Superdox-100 lb cap,DOXYCYLCINE 100MG
aec8b0c1-c47d-46a5-9423-bab07f274080,fc33abc0-dd39-41a4-8274-bd9b0a02d5c1,27546102-2bd4-47c3-8fa4-ce8d3ac4784e,Ditin-ds tab,DROTAVERINE HYDROCHLORIDE 80 MG
d7c38050-77a4-486c-bdd3-4ed47d351960,fc33abc0-dd39-41a4-8274-bd9b0a02d5c1,27546102-2bd4-47c3-8fa4-ce8d3ac4784e,Ditrin - ds tab,DROTAVERINE HYDROCHLORIDE 80 MG
bf7cbb3e-34c7-46d3-8625-3912fc738963,fc33abc0-dd39-41a4-8274-bd9b0a02d5c1,27546102-2bd4-47c3-8fa4-ce8d3ac4784e,Calpol,DUMMY
a3a681fe-caaf-4d54-89f9-708462f7124a,fc33abc0-dd39-41a4-8274-bd9b0a02d5c1,27546102-2bd4-47c3-8fa4-ce8d3ac4784e,Crocine,DUMMY
6e6693a0-bd9a-4c29-aaa2-4c58b5997d94,fc33abc0-dd39-41a4-8274-bd9b0a02d5c1,27546102-2bd4-47c3-8fa4-ce8d3ac4784e,Envafine  tab,Enalapril Maleate 5MG
052657d8-6bb5-4212-9a20-efeae2b9cba0,fc33abc0-dd39-41a4-8274-bd9b0a02d5c1,27546102-2bd4-47c3-8fa4-ce8d3ac4784e,Bestzyme syp,Enzyme Syrup 100ML
7239ab74-e857-4fa8-81ae-ee72cad2e534,fc33abc0-dd39-41a4-8274-bd9b0a02d5c1,27546102-2bd4-47c3-8fa4-ce8d3ac4784e,Botazyme syp,Enzyme Syrup 100ML
964bb86b-e4f8-454a-a9d2-7a7ac17a8c9e,fc33abc0-dd39-41a4-8274-bd9b0a02d5c1,27546102-2bd4-47c3-8fa4-ce8d3ac4784e,*erycon 250mg tab,ERYTHROCIN 250MG
49105ed5-3f6f-4d18-a0cb-6dd076d58be2,fc33abc0-dd39-41a4-8274-bd9b0a02d5c1,27546102-2bd4-47c3-8fa4-ce8d3ac4784e,Erycon 250,ERYTHROMYCIN STEARATE TAB
2b0c5530-a0cc-4247-9819-2d09d94589e1,fc33abc0-dd39-41a4-8274-bd9b0a02d5c1,27546102-2bd4-47c3-8fa4-ce8d3ac4784e,Ethamcept 250mg tab,ETAMSYLATE 250MG
10d5efe7-7585-49b4-a2d1-89804d68cfca,fc33abc0-dd39-41a4-8274-bd9b0a02d5c1,27546102-2bd4-47c3-8fa4-ce8d3ac4784e,Vestat- 250 tab,ETAMSYLATE 250MG
63f88439-0859-4ba4-85e0-9537e2029eab,fc33abc0-dd39-41a4-8274-bd9b0a02d5c1,27546102-2bd4-47c3-8fa4-ce8d3ac4784e,Deriphylin retard 150mg  @30,ETOPHYLLINE+THEOPHYLINE 150MG
ca2f093d-2c3b-4b5d-8350-ec31b9fd343b,fc33abc0-dd39-41a4-8274-bd9b0a02d5c1,27546102-2bd4-47c3-8fa4-ce8d3ac4784e,Deriphylin retard 150mgtab(10),ETOPHYLLINE+THEOPHYLINE 150MG
409fe957-28a3-4af4-8f51-ba7705b37872,fc33abc0-dd39-41a4-8274-bd9b0a02d5c1,27546102-2bd4-47c3-8fa4-ce8d3ac4784e,Exodent paste,Exodent Paste 50GM
7353c81c-567a-4f9b-bbcc-f57f3860c654,fc33abc0-dd39-41a4-8274-bd9b0a02d5c1,27546102-2bd4-47c3-8fa4-ce8d3ac4784e,Famocept tab,Famotidine 20MG
ecd738cf-8f6b-434e-adc9-7e527180ea8d,fc33abc0-dd39-41a4-8274-bd9b0a02d5c1,27546102-2bd4-47c3-8fa4-ce8d3ac4784e,Famonext 20 tab,Famotidine 20MG
8afb375e-584f-4d04-9fef-ee9ba31978bb,fc33abc0-dd39-41a4-8274-bd9b0a02d5c1,27546102-2bd4-47c3-8fa4-ce8d3ac4784e,Feropen z,FERROUS SULPHATE
37086592-e053-4c78-a38f-a071458765d5,fc33abc0-dd39-41a4-8274-bd9b0a02d5c1,27546102-2bd4-47c3-8fa4-ce8d3ac4784e,Ferolic-m,FERROUS SULPHATE FOLIC ACID
230a6666-8ab0-4449-9ce4-b20827943dbd,fc33abc0-dd39-41a4-8274-bd9b0a02d5c1,27546102-2bd4-47c3-8fa4-ce8d3ac4784e,Ferrous sulphate,FERROUS SULPHATE FOLIC ACID
e16b9ee7-78a7-4f3e-be18-ac7ac894dbac,fc33abc0-dd39-41a4-8274-bd9b0a02d5c1,27546102-2bd4-47c3-8fa4-ce8d3ac4784e,Iron & folic acid tab,FERROUS SULPHATE FOLIC ACID
e80a467a-b038-4137-9545-c5352eda1863,fc33abc0-dd39-41a4-8274-bd9b0a02d5c1,27546102-2bd4-47c3-8fa4-ce8d3ac4784e,Flucept tab,Fluconazole 150MG
1e5475c7-de9c-44ba-aabc-a219ab6230e4,fc33abc0-dd39-41a4-8274-bd9b0a02d5c1,27546102-2bd4-47c3-8fa4-ce8d3ac4784e,Flucon tab,Fluconazole 150MG
20284878-d2e3-4259-8ef8-98872f80ff26,fc33abc0-dd39-41a4-8274-bd9b0a02d5c1,27546102-2bd4-47c3-8fa4-ce8d3ac4784e,Fuzer 150 tab,Fluconazole 150MG
0a5c19c7-158d-4a25-a23a-535be8bb4ad1,fc33abc0-dd39-41a4-8274-bd9b0a02d5c1,27546102-2bd4-47c3-8fa4-ce8d3ac4784e,Nilgrain tab,FLUNNRIZINE 5MG
25d8f824-aa89-415d-a7bb-db211c483ea0,fc33abc0-dd39-41a4-8274-bd9b0a02d5c1,27546102-2bd4-47c3-8fa4-ce8d3ac4784e,Psydro tab,FLUNNRIZINE 5MG
01046ab7-dc52-4186-a335-4f1d6cff7966,fc33abc0-dd39-41a4-8274-bd9b0a02d5c1,27546102-2bd4-47c3-8fa4-ce8d3ac4784e,Folvit tab,Folic acid 5MG
6a54e4ed-5cd5-412c-afe4-bb15ad839822,fc33abc0-dd39-41a4-8274-bd9b0a02d5c1,27546102-2bd4-47c3-8fa4-ce8d3ac4784e,K fol tab,Folic acid 5MG
7b09660d-e8db-499b-8981-c0f14abd11a1,fc33abc0-dd39-41a4-8274-bd9b0a02d5c1,27546102-2bd4-47c3-8fa4-ce8d3ac4784e,Seafromycin skin cream,FRADIOMYCIN 15GM
2c650abb-a50e-4742-878e-784445aae8b8,fc33abc0-dd39-41a4-8274-bd9b0a02d5c1,27546102-2bd4-47c3-8fa4-ce8d3ac4784e,Sofracin cream,FRADIOMYCIN 15GM
13875d6e-9a41-4db3-be9f-8580ef75c402,fc33abc0-dd39-41a4-8274-bd9b0a02d5c1,27546102-2bd4-47c3-8fa4-ce8d3ac4784e,Lasipen-40 tab,FUROSEMIDE 40MG
025eb450-a0a7-4099-9ad0-b55985cf364c,fc33abc0-dd39-41a4-8274-bd9b0a02d5c1,27546102-2bd4-47c3-8fa4-ce8d3ac4784e,Lasix  tab,FUROSEMIDE 40MG
307a3fff-fc40-4141-a4a1-074f591d0877,fc33abc0-dd39-41a4-8274-bd9b0a02d5c1,27546102-2bd4-47c3-8fa4-ce8d3ac4784e,Scabzeel-g lotion,GAMMA BENZENE HEXACHLORIDE &CETRIMIDE LOTION
f782df8b-8160-4c83-bd32-3990c282e121,fc33abc0-dd39-41a4-8274-bd9b0a02d5c1,27546102-2bd4-47c3-8fa4-ce8d3ac4784e,Ativis eye drop 10ml,GATIFLOXACIN EYE DROP
147f89c6-906f-4744-ad41-26199f836a74,fc33abc0-dd39-41a4-8274-bd9b0a02d5c1,27546102-2bd4-47c3-8fa4-ce8d3ac4784e,G mon eye drop 5ml,GATIFLOXACIN EYE DROP
2b6a1802-726f-4b20-af91-f0e9b089f001,fc33abc0-dd39-41a4-8274-bd9b0a02d5c1,27546102-2bd4-47c3-8fa4-ce8d3ac4784e,G flotas d eye drop,GATIFLOXACIN+DEXA (EXP) EYE DROP
0cd275ae-a19b-4c94-b00f-ed279246d4c2,fc33abc0-dd39-41a4-8274-bd9b0a02d5c1,27546102-2bd4-47c3-8fa4-ce8d3ac4784e,Gatilox dm eye drop,GATIFLOXACIN+DEXA (EXP) EYE DROP
4fc25aa2-af9b-4056-b419-605d99a27f8e,fc33abc0-dd39-41a4-8274-bd9b0a02d5c1,27546102-2bd4-47c3-8fa4-ce8d3ac4784e,Ativis d drop,GATIFLOXACIN+DEXA EYE DROP
fb9dbdab-0c19-4c35-8ed8-448f91b82434,fc33abc0-dd39-41a4-8274-bd9b0a02d5c1,27546102-2bd4-47c3-8fa4-ce8d3ac4784e,Gmf cream,GENTAMICIN + MICONAZOLE NITRATE + FLUOCINOLONE ACETONIDE 15GM
05a645cc-af17-4edd-88a1-fee57722b1ad,fc33abc0-dd39-41a4-8274-bd9b0a02d5c1,27546102-2bd4-47c3-8fa4-ce8d3ac4784e,Gentamon dm eye drop,GENTAMYCIN+DEXA EYE DROP
aabb6fd5-cd55-4275-885b-a312a4006c0a,fc33abc0-dd39-41a4-8274-bd9b0a02d5c1,27546102-2bd4-47c3-8fa4-ce8d3ac4784e,Formoa cresol solution,GERMICIDAL BACTERICIDAL SOLUTION 20ML
4661cf25-5f5f-4d98-a579-1f894a254214,fc33abc0-dd39-41a4-8274-bd9b0a02d5c1,27546102-2bd4-47c3-8fa4-ce8d3ac4784e,Diaset 1 tab,Glimepiride 1mg
f252bea2-d251-42d7-98eb-e926880d5bb0,fc33abc0-dd39-41a4-8274-bd9b0a02d5c1,27546102-2bd4-47c3-8fa4-ce8d3ac4784e,Glyzip tab,Glipizide  5MG
5d4b670a-d4f1-4852-bcb8-937b8fdc8a3f,fc33abc0-dd39-41a4-8274-bd9b0a02d5c1,27546102-2bd4-47c3-8fa4-ce8d3ac4784e,Fungwin tab,Grisefulvin 250MG
2379b895-abde-4d15-8ce6-1c423c409a56,fc33abc0-dd39-41a4-8274-bd9b0a02d5c1,27546102-2bd4-47c3-8fa4-ce8d3ac4784e,Gravin -fp tab,Grisefulvin 250MG
76297d04-827e-46ed-8fe8-47b3eeb75285,fc33abc0-dd39-41a4-8274-bd9b0a02d5c1,27546102-2bd4-47c3-8fa4-ce8d3ac4784e,Griseofulvin tab,Grisefulvin 250MG
627168df-ac98-40fe-8485-2762a0658609,fc33abc0-dd39-41a4-8274-bd9b0a02d5c1,27546102-2bd4-47c3-8fa4-ce8d3ac4784e,Griso tab,Grisefulvin 250MG
6af83bf9-e49d-4154-afab-fe294fff757a,fc33abc0-dd39-41a4-8274-bd9b0a02d5c1,27546102-2bd4-47c3-8fa4-ce8d3ac4784e,Halazone tab,Halazone 4 mg
c452c251-3b29-46e3-8d5a-5d55121d1e87,fc33abc0-dd39-41a4-8274-bd9b0a02d5c1,27546102-2bd4-47c3-8fa4-ce8d3ac4784e,Hand sanitizer 100 ml,Hand Sanitizer
64ecadb4-a9e7-4882-abeb-5a3c2646b459,fc33abc0-dd39-41a4-8274-bd9b0a02d5c1,27546102-2bd4-47c3-8fa4-ce8d3ac4784e,Hand sanitizer 5 ltrs,Hand Sanitizer
30b1f4f3-e1fa-417b-9693-4d4e97acdbfe,fc33abc0-dd39-41a4-8274-bd9b0a02d5c1,27546102-2bd4-47c3-8fa4-ce8d3ac4784e,Hand sanitizer 500 ml,Hand Sanitizer
0d314715-6bc5-43e0-b782-d4e6a75098bb,fc33abc0-dd39-41a4-8274-bd9b0a02d5c1,27546102-2bd4-47c3-8fa4-ce8d3ac4784e,Hand sanitizer 60 ml,Hand Sanitizer
79f7893f-94c9-4561-8db9-89b9f4d6f40c,fc33abc0-dd39-41a4-8274-bd9b0a02d5c1,27546102-2bd4-47c3-8fa4-ce8d3ac4784e,Bnm,human being
b15b4d94-09eb-44a6-9d0c-a67f24650917,fc33abc0-dd39-41a4-8274-bd9b0a02d5c1,27546102-2bd4-47c3-8fa4-ce8d3ac4784e,Sn,human being
ea2ac5bc-6062-43fe-a81d-bcea11572218,fc33abc0-dd39-41a4-8274-bd9b0a02d5c1,27546102-2bd4-47c3-8fa4-ce8d3ac4784e,Asart ht tab,Hydrochlorothiazide 12.5MG+Losartan Potassium 50MG
e89325d9-a484-4364-97a9-0f6dd36e062c,fc33abc0-dd39-41a4-8274-bd9b0a02d5c1,27546102-2bd4-47c3-8fa4-ce8d3ac4784e,Ibukin plus kid tab,IBUPROFEN 100MG+PARACETAMOL 125MG
7f58bd2d-0ffc-409d-bdb1-7154e83f0c24,fc33abc0-dd39-41a4-8274-bd9b0a02d5c1,27546102-2bd4-47c3-8fa4-ce8d3ac4784e,Flexicon plus syp 60ml,Ibuprofen 100mg+Pcm 162.5MG
a25e8a0e-1f1e-4705-a617-cc06b44558e0,fc33abc0-dd39-41a4-8274-bd9b0a02d5c1,27546102-2bd4-47c3-8fa4-ce8d3ac4784e,Brukin strong tab,IBUPROFEN 400MG+PCM 325MG
1d12ab07-59b0-4310-ab34-c78efc91d0a2,fc33abc0-dd39-41a4-8274-bd9b0a02d5c1,27546102-2bd4-47c3-8fa4-ce8d3ac4784e,Flexicon  tab,IBUPROFEN 400MG+PCM 325MG
98d10a34-3fe6-4ff7-999e-a80b586d568b,fc33abc0-dd39-41a4-8274-bd9b0a02d5c1,27546102-2bd4-47c3-8fa4-ce8d3ac4784e,Flexicon  tab @ 300,IBUPROFEN 400MG+PCM 325MG
dc3ce116-4846-407a-bc9a-0d37593fdc78,fc33abc0-dd39-41a4-8274-bd9b0a02d5c1,27546102-2bd4-47c3-8fa4-ce8d3ac4784e,Hematone  syp,IRON 100ML
56ac633d-cd98-4c9b-94fc-f682123b6861,fc33abc0-dd39-41a4-8274-bd9b0a02d5c1,27546102-2bd4-47c3-8fa4-ce8d3ac4784e,Doct's spirit,Isopropyl Alcohol 400ML
41b98e22-cb10-4ff5-9730-3035becfa547,fc33abc0-dd39-41a4-8274-bd9b0a02d5c1,27546102-2bd4-47c3-8fa4-ce8d3ac4784e,Anzidin 10tab,Isosorbide Dinirate 10MG
83617640-9de5-451d-9b8b-ec40ab241ce6,fc33abc0-dd39-41a4-8274-bd9b0a02d5c1,27546102-2bd4-47c3-8fa4-ce8d3ac4784e,Ihd 20 tab,Isosorbide Mononitrate 20mg
d05b9294-566f-484b-abfb-65e1a1060c5f,fc33abc0-dd39-41a4-8274-bd9b0a02d5c1,27546102-2bd4-47c3-8fa4-ce8d3ac4784e,Itra-200,ITRACONAZOLE 200 MG
9fae72be-22d6-458a-8ecd-a8400f33d115,fc33abc0-dd39-41a4-8274-bd9b0a02d5c1,27546102-2bd4-47c3-8fa4-ce8d3ac4784e,Itracon-200,ITRACONAZOLE 200 MG
489e3721-94dc-4368-8d7a-badf91c4a41c,fc33abc0-dd39-41a4-8274-bd9b0a02d5c1,27546102-2bd4-47c3-8fa4-ce8d3ac4784e,Itracon-200 @10,ITRACONAZOLE 200 MG
65746a50-56c0-442d-8668-2536ef80f6a4,fc33abc0-dd39-41a4-8274-bd9b0a02d5c1,27546102-2bd4-47c3-8fa4-ce8d3ac4784e,Givert-12 tab,IVERMECTIN 12MG
1d15bfa6-05a1-43c7-a314-90f8c12b04b4,fc33abc0-dd39-41a4-8274-bd9b0a02d5c1,27546102-2bd4-47c3-8fa4-ce8d3ac4784e,Iverika 12mg,IVERMECTIN 12MG
975ef2bd-594f-47ef-b58a-b2fbf9e5671e,fc33abc0-dd39-41a4-8274-bd9b0a02d5c1,27546102-2bd4-47c3-8fa4-ce8d3ac4784e,Ivopi 12,IVERMECTIN 12MG
b9874ada-67b0-4565-ac55-35e62e4abf7b,fc33abc0-dd39-41a4-8274-bd9b0a02d5c1,27546102-2bd4-47c3-8fa4-ce8d3ac4784e,Ivorange-12 tab,IVERMECTIN 12MG
7f143035-9729-40fd-912c-91ee66b7014b,fc33abc0-dd39-41a4-8274-bd9b0a02d5c1,27546102-2bd4-47c3-8fa4-ce8d3ac4784e,Cremco syp,LAXATIVE 170ML
d43550ec-2cb5-4e6a-99c4-31ea369b1b90,fc33abc0-dd39-41a4-8274-bd9b0a02d5c1,27546102-2bd4-47c3-8fa4-ce8d3ac4784e,Cremopen syp,LAXATIVE 170ML
5bd18d64-9b11-4513-8039-577cf4262da8,fc33abc0-dd39-41a4-8274-bd9b0a02d5c1,27546102-2bd4-47c3-8fa4-ce8d3ac4784e,Lecetzikan am tablets,Levocetirizine Dihydrochloride 5MG+Ambroxol Hcl 60MG
605679d9-d97a-4ea4-9a65-f96c03ca065d,fc33abc0-dd39-41a4-8274-bd9b0a02d5c1,27546102-2bd4-47c3-8fa4-ce8d3ac4784e,Levocet am tab,Levocetirizine Dihydrochloride 5MG+Ambroxol Hcl 60MG
f228e4ed-50fe-40b2-9b39-04aa893bd497,fc33abc0-dd39-41a4-8274-bd9b0a02d5c1,27546102-2bd4-47c3-8fa4-ce8d3ac4784e,Livcet am tab,Levocetirizine Dihydrochloride 5MG+Ambroxol Hcl 60MG
f1a5eac3-4b92-4273-a249-54c5dcf96fdb,fc33abc0-dd39-41a4-8274-bd9b0a02d5c1,27546102-2bd4-47c3-8fa4-ce8d3ac4784e,Losit a tab,Levocetirizine Dihydrochloride 5MG+Ambroxol Hcl 60MG
78923e8b-2e90-4520-a906-84fe7ceccfe5,fc33abc0-dd39-41a4-8274-bd9b0a02d5c1,27546102-2bd4-47c3-8fa4-ce8d3ac4784e,Mlc tab,Levocetirizine Hydrochloride + Montelukast Sodium
1312c9b5-afb1-44b1-a074-da8126c7c028,fc33abc0-dd39-41a4-8274-bd9b0a02d5c1,27546102-2bd4-47c3-8fa4-ce8d3ac4784e,Montecept - l tab,Levocetirizine Hydrochloride + Montelukast Sodium
a72b2329-48ff-4ef9-9e27-d9f1bf5857b9,fc33abc0-dd39-41a4-8274-bd9b0a02d5c1,27546102-2bd4-47c3-8fa4-ce8d3ac4784e,Mtn-lc tab,Levocetirizine Hydrochloride + Montelukast Sodium
cd61b9db-02fb-4748-9d7f-56b94c48900f,fc33abc0-dd39-41a4-8274-bd9b0a02d5c1,27546102-2bd4-47c3-8fa4-ce8d3ac4784e,Levogli - 5 tab,Levocetirizine Hydrochloride tab
34bef4f2-9ef3-49bd-816f-f4dcb24f4c29,fc33abc0-dd39-41a4-8274-bd9b0a02d5c1,27546102-2bd4-47c3-8fa4-ce8d3ac4784e,Livox tab,LEVOFLOXACIN 500MG
d968db69-f05f-4687-a39d-631abc0d7749,fc33abc0-dd39-41a4-8274-bd9b0a02d5c1,27546102-2bd4-47c3-8fa4-ce8d3ac4784e,Vocin-500 tab,LEVOFLOXACIN 500MG
5f7da98d-ea0b-4aa8-aa06-6b22ad136e28,fc33abc0-dd39-41a4-8274-bd9b0a02d5c1,27546102-2bd4-47c3-8fa4-ce8d3ac4784e,Lidayn spray,LIDOCAIN 15%
6471fd0e-1207-4318-a9fd-240c9bfdf903,fc33abc0-dd39-41a4-8274-bd9b0a02d5c1,27546102-2bd4-47c3-8fa4-ce8d3ac4784e,Nummit spray,LIDOCAINE TOPICAL AEROSOL
e1b4d3eb-0b81-43cd-9fd1-32f329955daf,fc33abc0-dd39-41a4-8274-bd9b0a02d5c1,27546102-2bd4-47c3-8fa4-ce8d3ac4784e,Lidayn injection,LIGNOCAIN 2%
da833de1-321d-4a90-8cbb-44d544c5796a,fc33abc0-dd39-41a4-8274-bd9b0a02d5c1,27546102-2bd4-47c3-8fa4-ce8d3ac4784e,Ligno 2% injection,LIGNOCAIN 2%
d047764a-1251-47d5-b749-745f8d700a1d,fc33abc0-dd39-41a4-8274-bd9b0a02d5c1,27546102-2bd4-47c3-8fa4-ce8d3ac4784e,Locain gel,LIGNOCAIN HYDROCHLORIDE 30GM
50216f70-15af-45dc-8fe9-2ae81bda4ede,fc33abc0-dd39-41a4-8274-bd9b0a02d5c1,27546102-2bd4-47c3-8fa4-ce8d3ac4784e,Ligno ad 2% injection,LIGNOCAIN+ADRENALINE INJECTION
eb014b11-98e7-4ac8-8896-c92e27ce9395,fc33abc0-dd39-41a4-8274-bd9b0a02d5c1,27546102-2bd4-47c3-8fa4-ce8d3ac4784e,Lignox 2% a injection,LIGNOCAIN+ADRENALINE INJECTION
c5b3e1a9-c86f-46aa-a6ae-7a98d4193438,fc33abc0-dd39-41a4-8274-bd9b0a02d5c1,27546102-2bd4-47c3-8fa4-ce8d3ac4784e,Xicaine injection,LIGNOCAIN+ADRENALINE INJECTION
d8e79428-54d4-4074-8175-5fe0574368b9,fc33abc0-dd39-41a4-8274-bd9b0a02d5c1,27546102-2bd4-47c3-8fa4-ce8d3ac4784e,Bestliv ds sy,Liver Tonic 100ML
592c4315-e35c-48ca-b3f3-5424e8ce165c,fc33abc0-dd39-41a4-8274-bd9b0a02d5c1,27546102-2bd4-47c3-8fa4-ce8d3ac4784e,Botaliv  syp,Liver Tonic 100ML
29513511-b9db-4f0a-9877-3f99edccf101,fc33abc0-dd39-41a4-8274-bd9b0a02d5c1,27546102-2bd4-47c3-8fa4-ce8d3ac4784e,Oroliv syp,Liver Tonic 100ML
6ba093c7-37d3-4ce6-aa1a-08e7660a3beb,fc33abc0-dd39-41a4-8274-bd9b0a02d5c1,27546102-2bd4-47c3-8fa4-ce8d3ac4784e,Lomiz,LOPERAMIDE HYDROCHLORIDE TAB
5b208225-7173-453f-b75d-4f3941292522,fc33abc0-dd39-41a4-8274-bd9b0a02d5c1,27546102-2bd4-47c3-8fa4-ce8d3ac4784e,Lopro tab,LOPERAMIDE HYDROCHLORIDE TAB
f29f4882-562b-4bf0-ad30-6c0f65d87f4b,fc33abc0-dd39-41a4-8274-bd9b0a02d5c1,27546102-2bd4-47c3-8fa4-ce8d3ac4784e,Asart 50 tab,LOSARTAIN POTASSIUM  50MG
b4786c66-b8f7-4e20-9372-669a1d2c3e40,fc33abc0-dd39-41a4-8274-bd9b0a02d5c1,27546102-2bd4-47c3-8fa4-ce8d3ac4784e,Loco cream,LULICONAZOLE CREAM
5b1f5080-23d1-4863-babb-a7c228fcf36b,fc33abc0-dd39-41a4-8274-bd9b0a02d5c1,27546102-2bd4-47c3-8fa4-ce8d3ac4784e,Lulider cream,LULICONAZOLE CREAM
03310246-d985-49d4-9105-2b03eea72d18,fc33abc0-dd39-41a4-8274-bd9b0a02d5c1,27546102-2bd4-47c3-8fa4-ce8d3ac4784e,Emfor tab,Metformin Hydrochloride  500MG
e34c1fee-da26-4e7d-8ac9-378e6acf4808,fc33abc0-dd39-41a4-8274-bd9b0a02d5c1,27546102-2bd4-47c3-8fa4-ce8d3ac4784e,Metormin,Metformin Hydrochloride  500MG
64f8c6bc-35ff-4ef7-bbc8-7edcf428744f,fc33abc0-dd39-41a4-8274-bd9b0a02d5c1,27546102-2bd4-47c3-8fa4-ce8d3ac4784e,Gaba-m tab,METHYLCOBALAMIN 500MG+GABAPENTIN 300MG
ec69d4b3-3c49-45d8-badc-64c9fcdbd98f,fc33abc0-dd39-41a4-8274-bd9b0a02d5c1,27546102-2bd4-47c3-8fa4-ce8d3ac4784e,Gabamed m tab,METHYLCOBALAMIN 500MG+GABAPENTIN 300MG
5f922979-598d-4a55-8024-61fd68f6a754,fc33abc0-dd39-41a4-8274-bd9b0a02d5c1,27546102-2bd4-47c3-8fa4-ce8d3ac4784e,Gabamore mcb tab,METHYLCOBALAMIN 500MG+GABAPENTIN 300MG
30cebecb-b649-46a9-95c3-1557e7564e44,fc33abc0-dd39-41a4-8274-bd9b0a02d5c1,27546102-2bd4-47c3-8fa4-ce8d3ac4784e,Neurotin m tab,METHYLCOBALAMIN 500MG+GABAPENTIN 300MG
d827cf16-e34e-444b-b73c-f1c9fc6fd144,fc33abc0-dd39-41a4-8274-bd9b0a02d5c1,27546102-2bd4-47c3-8fa4-ce8d3ac4784e,Moreprol xl 50,METOPROLOL 50
a0b8d6a9-b874-4fb3-a596-b57e1ea3471b,fc33abc0-dd39-41a4-8274-bd9b0a02d5c1,27546102-2bd4-47c3-8fa4-ce8d3ac4784e,Metrocon tab,Metronidazole 400MG
c9050679-2122-4f20-9006-3b2242bdaa54,fc33abc0-dd39-41a4-8274-bd9b0a02d5c1,27546102-2bd4-47c3-8fa4-ce8d3ac4784e,Metroga 400 tab,Metronidazole 400MG
73183292-9510-4e3a-ad14-0592860f68c2,fc33abc0-dd39-41a4-8274-bd9b0a02d5c1,27546102-2bd4-47c3-8fa4-ce8d3ac4784e,Metronidazole-400 tab,Metronidazole 400MG
cd787e68-e0d0-4963-a495-17f7f15c24f3,fc33abc0-dd39-41a4-8274-bd9b0a02d5c1,27546102-2bd4-47c3-8fa4-ce8d3ac4784e,Sumet 400,Metronidazole 400MG
a4d88b77-fa2c-44c8-bc72-42e6708b0993,fc33abc0-dd39-41a4-8274-bd9b0a02d5c1,27546102-2bd4-47c3-8fa4-ce8d3ac4784e,Metrol syp,Metrotrinidazole+Benazole  60ML
51deef45-c649-4132-8ac0-5a26bb49e502,fc33abc0-dd39-41a4-8274-bd9b0a02d5c1,27546102-2bd4-47c3-8fa4-ce8d3ac4784e,Metronidazole benzoate susp.,Metrotrinidazole+Benazole  60ML
f837ce15-3dbd-4b22-81bf-46ba02ff4792,fc33abc0-dd39-41a4-8274-bd9b0a02d5c1,27546102-2bd4-47c3-8fa4-ce8d3ac4784e,I-moxiflox eye drops,Moxifloxacin+Benzalkorium Chloride
f61a4a72-1484-495a-bdc7-78ce8f7c9ed9,fc33abc0-dd39-41a4-8274-bd9b0a02d5c1,27546102-2bd4-47c3-8fa4-ce8d3ac4784e,Moxicon eye drop,Moxifloxacin+Benzalkorium Chloride
e35f1dc4-cc29-4ff3-8490-7323abe3bbd9,fc33abc0-dd39-41a4-8274-bd9b0a02d5c1,27546102-2bd4-47c3-8fa4-ce8d3ac4784e,Moximon eye drop 5ml,Moxifloxacin+Benzalkorium Chloride
c0c2d841-6dce-40a6-b349-87a5bb4d8ada,fc33abc0-dd39-41a4-8274-bd9b0a02d5c1,27546102-2bd4-47c3-8fa4-ce8d3ac4784e,Moxicon d eye drop,Moxifloxacin+Dexa
a768cd99-3d2e-4dfa-88ca-10e298ce9d62,fc33abc0-dd39-41a4-8274-bd9b0a02d5c1,27546102-2bd4-47c3-8fa4-ce8d3ac4784e,Moxirid-d e/d,Moxifloxacin+Dexa
993f6cc7-29e1-4d4e-a040-796744c31780,fc33abc0-dd39-41a4-8274-bd9b0a02d5c1,27546102-2bd4-47c3-8fa4-ce8d3ac4784e,Bodygrow softgel,Multivitamin & Minerals
cdb3eef7-bf1c-4e87-bcc3-db9fea5bfb63,fc33abc0-dd39-41a4-8274-bd9b0a02d5c1,27546102-2bd4-47c3-8fa4-ce8d3ac4784e,Eldervit tab,Multivitamin & Minerals
614ec690-ba31-4d10-b023-7f73c390b613,fc33abc0-dd39-41a4-8274-bd9b0a02d5c1,27546102-2bd4-47c3-8fa4-ce8d3ac4784e,Good health soft gels,Multivitamin & Minerals
5dcb7805-6186-4d1e-ade7-79677e926c37,fc33abc0-dd39-41a4-8274-bd9b0a02d5c1,27546102-2bd4-47c3-8fa4-ce8d3ac4784e,Himulti,Multivitamin & Minerals
a72a8ddc-3c35-4bb6-b96b-0c90329d3903,fc33abc0-dd39-41a4-8274-bd9b0a02d5c1,27546102-2bd4-47c3-8fa4-ce8d3ac4784e,J-multi,Multivitamin & Minerals
6aaa138b-420b-4bf6-a1cd-74a9a5a81ee3,fc33abc0-dd39-41a4-8274-bd9b0a02d5c1,27546102-2bd4-47c3-8fa4-ce8d3ac4784e,Lyconvit softgels,Multivitamin & Minerals
7d8e62b4-88ba-4e70-9f3d-cae7cf00a981,fc33abc0-dd39-41a4-8274-bd9b0a02d5c1,27546102-2bd4-47c3-8fa4-ce8d3ac4784e,Maxrich gold cap,Multivitamin & Minerals
c9937a3a-c789-45e4-833c-9c29bcfcad06,fc33abc0-dd39-41a4-8274-bd9b0a02d5c1,27546102-2bd4-47c3-8fa4-ce8d3ac4784e,Maxrich soft gels,Multivitamin & Minerals
065aa0bc-5bf0-477f-8d4e-e4ed7882ed1f,fc33abc0-dd39-41a4-8274-bd9b0a02d5c1,27546102-2bd4-47c3-8fa4-ce8d3ac4784e,Maxrich tab,Multivitamin & Minerals
008099eb-fbf3-4f12-84fb-e765e17cbd79,fc33abc0-dd39-41a4-8274-bd9b0a02d5c1,27546102-2bd4-47c3-8fa4-ce8d3ac4784e,Neuropex softgel cap,Multivitamin & Minerals
cd24d8b2-b988-491d-9f57-b78e4f8305c7,fc33abc0-dd39-41a4-8274-bd9b0a02d5c1,27546102-2bd4-47c3-8fa4-ce8d3ac4784e,Lyconvit drops,MULTIVITAMIN DROPS
f25bc4a0-7332-4561-98b0-836ec087be13,fc33abc0-dd39-41a4-8274-bd9b0a02d5c1,27546102-2bd4-47c3-8fa4-ce8d3ac4784e,Multiplex drop,MULTIVITAMIN DROPS
20b37321-ff21-4817-855e-63213e7b3e89,fc33abc0-dd39-41a4-8274-bd9b0a02d5c1,27546102-2bd4-47c3-8fa4-ce8d3ac4784e,Allvital drops 30 ml,MULTIVITAMIN SYRP 30 ML
0df857a3-b0b0-4a01-8f3b-4a3eb17be5b9,fc33abc0-dd39-41a4-8274-bd9b0a02d5c1,27546102-2bd4-47c3-8fa4-ce8d3ac4784e,Get on drops 30 ml,MULTIVITAMIN SYRP 30 ML
f9bbe72d-5c6c-4621-8324-09983cb37a77,fc33abc0-dd39-41a4-8274-bd9b0a02d5c1,27546102-2bd4-47c3-8fa4-ce8d3ac4784e,Anti oxz tab,Multivitamin TAB+MINERALS ZINC SULPHATE 5000IU
5a55a5df-e919-4ad0-ae6a-6f602ba31166,fc33abc0-dd39-41a4-8274-bd9b0a02d5c1,27546102-2bd4-47c3-8fa4-ce8d3ac4784e,Oxinit az tab,Multivitamin TAB+MINERALS ZINC SULPHATE 5000IU
14f28e32-5c9b-413a-ab74-c2c224c63520,fc33abc0-dd39-41a4-8274-bd9b0a02d5c1,27546102-2bd4-47c3-8fa4-ce8d3ac4784e,Mupivact ointment,MUPIROCIN OINTMENT
a29b4760-d2cf-47a8-9171-5f883d1276ff,fc33abc0-dd39-41a4-8274-bd9b0a02d5c1,27546102-2bd4-47c3-8fa4-ce8d3ac4784e,Koolzy eye drop,Naphazoline Hydrochloride + Zinc Sulphate + Chlorpheniramine Maleat Ophthalmic Solution
81982bc3-7fdd-4166-a822-36b7e9c072d2,fc33abc0-dd39-41a4-8274-bd9b0a02d5c1,27546102-2bd4-47c3-8fa4-ce8d3ac4784e,Calplex syp 100ml,Natural Vitamin Tonic 100ML
cf8d01f1-d929-42d9-a888-ea06d3a7d280,fc33abc0-dd39-41a4-8274-bd9b0a02d5c1,27546102-2bd4-47c3-8fa4-ce8d3ac4784e,Draksha syp,Natural Vitamin Tonic 100ML
3a596e34-f31a-498f-b3ed-e1997da69bc7,fc33abc0-dd39-41a4-8274-bd9b0a02d5c1,27546102-2bd4-47c3-8fa4-ce8d3ac4784e,Dexacort n eye ointment,NEOMYCIN SULPHATE+DEXAMETHASONE PHOS 5MG
4160538b-214e-43aa-860e-e7ed2f072bcd,fc33abc0-dd39-41a4-8274-bd9b0a02d5c1,27546102-2bd4-47c3-8fa4-ce8d3ac4784e,Nor tz plus,NORFLOXACIN 400+TINIDAZOLE 600
4e254dae-b8fd-4680-8404-53b2f6447e60,fc33abc0-dd39-41a4-8274-bd9b0a02d5c1,27546102-2bd4-47c3-8fa4-ce8d3ac4784e,Nore t tab,NORFLOXACIN 400+TINIDAZOLE 600
3675d0a2-72f2-411d-a188-8ff1da369565,fc33abc0-dd39-41a4-8274-bd9b0a02d5c1,27546102-2bd4-47c3-8fa4-ce8d3ac4784e,Nor 400 tab,Norfloxacin 400MG
119eb014-ad44-40a8-b7ba-4afe1acd5589,fc33abc0-dd39-41a4-8274-bd9b0a02d5c1,27546102-2bd4-47c3-8fa4-ce8d3ac4784e,Norbeta 400 @300,Norfloxacin 400MG
0388e191-dbeb-4851-b109-bcf966fc078c,fc33abc0-dd39-41a4-8274-bd9b0a02d5c1,27546102-2bd4-47c3-8fa4-ce8d3ac4784e,Norbeta tab,Norfloxacin 400MG
62ac1c74-8fa8-4057-9f1a-9c647d4e870d,fc33abc0-dd39-41a4-8274-bd9b0a02d5c1,27546102-2bd4-47c3-8fa4-ce8d3ac4784e,Norgyl syp,Norfloxacin+Metronidazole
e1c30987-ca29-45c8-b4a9-30cbb7ddc2b2,fc33abc0-dd39-41a4-8274-bd9b0a02d5c1,27546102-2bd4-47c3-8fa4-ce8d3ac4784e,Ocin suspension 30ml,OFLOXACIN
888d6be6-8186-4e96-8ea3-ef61c7c53f2d,fc33abc0-dd39-41a4-8274-bd9b0a02d5c1,27546102-2bd4-47c3-8fa4-ce8d3ac4784e,Ocin eye drop,Ofloxacin 10ML
1419e8ae-9590-42b2-b288-3d1ac49aaf98,fc33abc0-dd39-41a4-8274-bd9b0a02d5c1,27546102-2bd4-47c3-8fa4-ce8d3ac4784e,Oflamon eye drop,Ofloxacin 10ML
402d7aa8-1640-46ec-8c07-05981524b6c3,fc33abc0-dd39-41a4-8274-bd9b0a02d5c1,27546102-2bd4-47c3-8fa4-ce8d3ac4784e,Floxigo tab,OFLOXACIN 200MG
4ee615d5-5ce2-4db7-8e94-0a4da69292b2,fc33abc0-dd39-41a4-8274-bd9b0a02d5c1,27546102-2bd4-47c3-8fa4-ce8d3ac4784e,K flox tab,OFLOXACIN 200MG
8c30fb62-5199-4b99-89c8-d47552a45f58,fc33abc0-dd39-41a4-8274-bd9b0a02d5c1,27546102-2bd4-47c3-8fa4-ce8d3ac4784e,Ocin tab,OFLOXACIN 200MG
221d9a0e-88be-4d9e-bce9-ceb7c4c4ae47,fc33abc0-dd39-41a4-8274-bd9b0a02d5c1,27546102-2bd4-47c3-8fa4-ce8d3ac4784e,Oftak-200 tab,OFLOXACIN 200MG
6e520cc6-bdd1-4397-8862-c2614ea86d5d,fc33abc0-dd39-41a4-8274-bd9b0a02d5c1,27546102-2bd4-47c3-8fa4-ce8d3ac4784e,Nrf - tz tab,Ofloxacin 200MG+Ornidazole 500MG
2e9ccedc-38e0-48d2-9311-90287cf0493c,fc33abc0-dd39-41a4-8274-bd9b0a02d5c1,27546102-2bd4-47c3-8fa4-ce8d3ac4784e,Ocin oz (200),Ofloxacin 200MG+Ornidazole 500MG
fdde2a2f-071e-46c3-a469-d0e59933183d,fc33abc0-dd39-41a4-8274-bd9b0a02d5c1,27546102-2bd4-47c3-8fa4-ce8d3ac4784e,Ocin oz tab,Ofloxacin 200MG+Ornidazole 500MG
bfcd929c-ef23-43df-bf93-60b280b72cb5,fc33abc0-dd39-41a4-8274-bd9b0a02d5c1,27546102-2bd4-47c3-8fa4-ce8d3ac4784e,Ocin -d e / e drop,Ofloxacin+Dexa 10ML
b33e4a3f-fbf1-41fc-b61a-34fb3994d5bf,fc33abc0-dd39-41a4-8274-bd9b0a02d5c1,27546102-2bd4-47c3-8fa4-ce8d3ac4784e,Oflamon dx eye drop,Ofloxacin+Dexa 10ML
70d16b20-f278-417c-82e4-12c1b9ad8325,fc33abc0-dd39-41a4-8274-bd9b0a02d5c1,27546102-2bd4-47c3-8fa4-ce8d3ac4784e,Ocin-m drop,Ofloxacin+Metronidazole 30ML
0c1765da-1dc2-4dff-8d12-9433e58aba55,fc33abc0-dd39-41a4-8274-bd9b0a02d5c1,27546102-2bd4-47c3-8fa4-ce8d3ac4784e,Oflatop m syp,Ofloxacin+Metronidazole 30ML
6f67e7b7-c0af-43d4-acc2-1518c3ba01b8,fc33abc0-dd39-41a4-8274-bd9b0a02d5c1,27546102-2bd4-47c3-8fa4-ce8d3ac4784e,Corpat eye drops,OLOPATADINE+HYDROCHLORIDE
ec6b1363-ccca-484f-97f0-a55b72f7a882,fc33abc0-dd39-41a4-8274-bd9b0a02d5c1,27546102-2bd4-47c3-8fa4-ce8d3ac4784e,Patapic eye drop,OLOPATADINE+HYDROCHLORIDE
4030e74b-3ace-401f-b15e-e5b0f65ded96,fc33abc0-dd39-41a4-8274-bd9b0a02d5c1,27546102-2bd4-47c3-8fa4-ce8d3ac4784e,Cid-20 cap,OMEPRAZOLE 20MG
00a3a54c-ab09-4ace-aedd-06ef16430ba0,fc33abc0-dd39-41a4-8274-bd9b0a02d5c1,27546102-2bd4-47c3-8fa4-ce8d3ac4784e,Omecaps-20 cap,OMEPRAZOLE 20MG
260a0174-641b-41bd-99f7-ac41b4d20c9e,fc33abc0-dd39-41a4-8274-bd9b0a02d5c1,27546102-2bd4-47c3-8fa4-ce8d3ac4784e,Omecept cap,OMEPRAZOLE 20MG
ce33b6b6-6326-4f0e-9969-cde0686fd47f,fc33abc0-dd39-41a4-8274-bd9b0a02d5c1,27546102-2bd4-47c3-8fa4-ce8d3ac4784e,Omemed cap,OMEPRAZOLE 20MG
2624e3d0-f652-4018-a48b-ec58a048ffb8,fc33abc0-dd39-41a4-8274-bd9b0a02d5c1,27546102-2bd4-47c3-8fa4-ce8d3ac4784e,Omepp cap,OMEPRAZOLE 20MG
6fc17d6f-2dff-4b1d-9028-b8dd229a4cef,fc33abc0-dd39-41a4-8274-bd9b0a02d5c1,27546102-2bd4-47c3-8fa4-ce8d3ac4784e,Opra-20,OMEPRAZOLE 20MG
68d6cb20-27b2-45da-b929-b5aa1bd1aaf0,fc33abc0-dd39-41a4-8274-bd9b0a02d5c1,27546102-2bd4-47c3-8fa4-ce8d3ac4784e,Opra-20 @ 400,OMEPRAZOLE 20MG
68c31ee6-b15c-4c25-8681-b955eabf2a3a,fc33abc0-dd39-41a4-8274-bd9b0a02d5c1,27546102-2bd4-47c3-8fa4-ce8d3ac4784e,Omecept - dsr cap,OMEPRAZOLE 20MG+DOMPERIDONE 10MG
fcd685f9-59f6-4ac0-9269-1d955dacce34,fc33abc0-dd39-41a4-8274-bd9b0a02d5c1,27546102-2bd4-47c3-8fa4-ce8d3ac4784e,Omecept d cap,OMEPRAZOLE 20MG+DOMPERIDONE 10MG
b437181d-e472-44f9-afbd-dba77e4e70fc,fc33abc0-dd39-41a4-8274-bd9b0a02d5c1,27546102-2bd4-47c3-8fa4-ce8d3ac4784e,Omedoz cap,OMEPRAZOLE 20MG+DOMPERIDONE 10MG
66b6969d-074d-4c33-9f6c-94c921ffc6ba,fc33abc0-dd39-41a4-8274-bd9b0a02d5c1,27546102-2bd4-47c3-8fa4-ce8d3ac4784e,Omemed d cap,OMEPRAZOLE 20MG+DOMPERIDONE 10MG
05aa80ac-0233-44bc-bc14-76a9492366fe,fc33abc0-dd39-41a4-8274-bd9b0a02d5c1,27546102-2bd4-47c3-8fa4-ce8d3ac4784e,Omepp - d cap,OMEPRAZOLE 20MG+DOMPERIDONE 10MG
ba9aac8b-d434-45cf-b14a-f1a10f573708,fc33abc0-dd39-41a4-8274-bd9b0a02d5c1,27546102-2bd4-47c3-8fa4-ce8d3ac4784e,Omly-d cap,OMEPRAZOLE 20MG+DOMPERIDONE 10MG
75dd7144-47fc-4741-92ac-875ef7b8be09,fc33abc0-dd39-41a4-8274-bd9b0a02d5c1,27546102-2bd4-47c3-8fa4-ce8d3ac4784e,Welocid-dm cap,OMEPRAZOLE 20MG+DOMPERIDONE 10MG
a46827a6-3e05-4b25-aa9d-bb3c2b7d0307,fc33abc0-dd39-41a4-8274-bd9b0a02d5c1,27546102-2bd4-47c3-8fa4-ce8d3ac4784e,Onco-4,ONDANSETRON 4MG
73c59267-5e96-4684-8fa3-bfeef16109c9,fc33abc0-dd39-41a4-8274-bd9b0a02d5c1,27546102-2bd4-47c3-8fa4-ce8d3ac4784e,Ondan 4mg tab,ONDANSETRON 4MG
ba5ce55b-f063-4782-9143-128f1c6de16f,fc33abc0-dd39-41a4-8274-bd9b0a02d5c1,27546102-2bd4-47c3-8fa4-ce8d3ac4784e,Ondoc-4,ONDANSETRON 4MG
dd67cd1f-d7bd-431f-8dbc-2607257dc7cd,fc33abc0-dd39-41a4-8274-bd9b0a02d5c1,27546102-2bd4-47c3-8fa4-ce8d3ac4784e,Onedenorm-md,ONDANSETRON 4MG
1dcae2aa-b653-491d-b5bf-4cbf4d853432,fc33abc0-dd39-41a4-8274-bd9b0a02d5c1,27546102-2bd4-47c3-8fa4-ce8d3ac4784e,Orpet md tablets,ONDANSETRON 4MG
b9f95d51-5c77-41c5-bf4f-963cf9fc884f,fc33abc0-dd39-41a4-8274-bd9b0a02d5c1,27546102-2bd4-47c3-8fa4-ce8d3ac4784e,Pronden md tab,ONDANSETRON 4MG
084f09cd-6514-4d57-83e3-6e0f9948164f,fc33abc0-dd39-41a4-8274-bd9b0a02d5c1,27546102-2bd4-47c3-8fa4-ce8d3ac4784e,Ondiron syp,ONDANSETRON ORAL SUSPENSION
cc8b0c07-160a-4bf4-a736-fe26c9aa5a4e,fc33abc0-dd39-41a4-8274-bd9b0a02d5c1,27546102-2bd4-47c3-8fa4-ce8d3ac4784e,Vomiof syp,ONDANSETRON ORAL SUSPENSION
1a421b55-af44-487e-8f1f-13b0c3536404,fc33abc0-dd39-41a4-8274-bd9b0a02d5c1,27546102-2bd4-47c3-8fa4-ce8d3ac4784e,Ors (21.8g),ORS 21.8GM
d4b14c08-48e4-4291-ae73-1fba24cc92f5,fc33abc0-dd39-41a4-8274-bd9b0a02d5c1,27546102-2bd4-47c3-8fa4-ce8d3ac4784e,Ors,ORS 4.2GM
6e789fed-a8da-47e7-a8bc-a423cd30e4f9,fc33abc0-dd39-41a4-8274-bd9b0a02d5c1,27546102-2bd4-47c3-8fa4-ce8d3ac4784e,Panta tab,PANTOPRAZOLE 40MG
3f378f69-0116-4acb-8d6d-dbe075adaad8,fc33abc0-dd39-41a4-8274-bd9b0a02d5c1,27546102-2bd4-47c3-8fa4-ce8d3ac4784e,Panta-40 tab,PANTOPRAZOLE 40MG
00c79dc1-f5da-473c-83bc-774d47503bb8,fc33abc0-dd39-41a4-8274-bd9b0a02d5c1,27546102-2bd4-47c3-8fa4-ce8d3ac4784e,Pantacon 40 tab,PANTOPRAZOLE 40MG
676ef6b3-69d9-4c9a-b4aa-cea79f1ab078,fc33abc0-dd39-41a4-8274-bd9b0a02d5c1,27546102-2bd4-47c3-8fa4-ce8d3ac4784e,Pantacon 40 tab @15,PANTOPRAZOLE 40MG
cb2372cd-0294-4d1f-8c86-80b589ee7ac9,fc33abc0-dd39-41a4-8274-bd9b0a02d5c1,27546102-2bd4-47c3-8fa4-ce8d3ac4784e,Penmed 40 tab,PANTOPRAZOLE 40MG
35ccea39-b66c-4522-8c5e-d8931fb97247,fc33abc0-dd39-41a4-8274-bd9b0a02d5c1,27546102-2bd4-47c3-8fa4-ce8d3ac4784e,Pentacon 40mg tab,PANTOPRAZOLE 40MG
1d568617-b1c7-49b1-9e85-d067c8ffcec4,fc33abc0-dd39-41a4-8274-bd9b0a02d5c1,27546102-2bd4-47c3-8fa4-ce8d3ac4784e,Crocell syp,PARACITAMOL 125MG 60ML
c5131313-4ebe-4b3c-a880-76f1de9e21a2,fc33abc0-dd39-41a4-8274-bd9b0a02d5c1,27546102-2bd4-47c3-8fa4-ce8d3ac4784e,Mypar syp,PARACITAMOL 125MG 60ML
a9d4930d-70ed-44c6-b347-813433461ea4,fc33abc0-dd39-41a4-8274-bd9b0a02d5c1,27546102-2bd4-47c3-8fa4-ce8d3ac4784e,Panader-125 susp,PARACITAMOL 125MG 60ML
b273fe2a-5994-4a6e-acdc-78507b97d682,fc33abc0-dd39-41a4-8274-bd9b0a02d5c1,27546102-2bd4-47c3-8fa4-ce8d3ac4784e,Paramol susp,PARACITAMOL 125MG 60ML
8aa09e0f-92eb-4ced-9e2c-11f0fb21f855,fc33abc0-dd39-41a4-8274-bd9b0a02d5c1,27546102-2bd4-47c3-8fa4-ce8d3ac4784e,Stanpol susp,PARACITAMOL 125MG 60ML
500b7a12-8c44-4401-b15e-73c2606ea37a,fc33abc0-dd39-41a4-8274-bd9b0a02d5c1,27546102-2bd4-47c3-8fa4-ce8d3ac4784e,Panader-ds susp,PARACITAMOL 250MG 60ML
e0f9bb9a-b0eb-444d-81d8-f6e2c4f0a555,fc33abc0-dd39-41a4-8274-bd9b0a02d5c1,27546102-2bd4-47c3-8fa4-ce8d3ac4784e,Paracin kid tab,PCM 125MG
6a19a1d1-7d7d-4d34-bc08-8965b6d2b345,fc33abc0-dd39-41a4-8274-bd9b0a02d5c1,27546102-2bd4-47c3-8fa4-ce8d3ac4784e,Parakan kid tab,PCM 125MG
451c15f7-7bc1-47a1-a98a-096a7ee3a7c4,fc33abc0-dd39-41a4-8274-bd9b0a02d5c1,27546102-2bd4-47c3-8fa4-ce8d3ac4784e,Parimol kid tab,PCM 125MG
abca7f94-f726-4a5a-987f-07150d59d32a,fc33abc0-dd39-41a4-8274-bd9b0a02d5c1,27546102-2bd4-47c3-8fa4-ce8d3ac4784e,Paramol drop,Pcm 15ML
fb552d6e-f390-46d0-a0f5-359aaab8fa8f,fc33abc0-dd39-41a4-8274-bd9b0a02d5c1,27546102-2bd4-47c3-8fa4-ce8d3ac4784e,Cromol tab,PCM 500MG
d822025c-d75a-44ee-93fe-06912bc52cba,fc33abc0-dd39-41a4-8274-bd9b0a02d5c1,27546102-2bd4-47c3-8fa4-ce8d3ac4784e,K mol tab,PCM 500MG
78799cb9-eefb-4b21-8f01-754b838a1844,fc33abc0-dd39-41a4-8274-bd9b0a02d5c1,27546102-2bd4-47c3-8fa4-ce8d3ac4784e,Parader-500 tab,PCM 500MG
7f15d3db-0bcd-4c2c-bda3-90e9c40a4de2,fc33abc0-dd39-41a4-8274-bd9b0a02d5c1,27546102-2bd4-47c3-8fa4-ce8d3ac4784e,Paradol tab,PCM 500MG
16725ae3-a1d9-4e5b-987a-319e4adf9124,fc33abc0-dd39-41a4-8274-bd9b0a02d5c1,27546102-2bd4-47c3-8fa4-ce8d3ac4784e,Paramol 500 tab @500,PCM 500MG
7b5a8e45-101f-4a8c-8b7f-552b1168be4b,fc33abc0-dd39-41a4-8274-bd9b0a02d5c1,27546102-2bd4-47c3-8fa4-ce8d3ac4784e,Paramol500 tab @400,PCM 500MG
8d03aaa9-cdb7-4b24-86ca-c6c562f1ecbc,fc33abc0-dd39-41a4-8274-bd9b0a02d5c1,27546102-2bd4-47c3-8fa4-ce8d3ac4784e,K-mol 650 tab,PCM 650MG
5268f3e6-0d37-43d9-b8d9-2f9ebe55ee11,fc33abc0-dd39-41a4-8274-bd9b0a02d5c1,27546102-2bd4-47c3-8fa4-ce8d3ac4784e,Oracin 650 tab,PCM 650MG
09f6d538-ebad-4945-81c4-24f71f3cf48e,fc33abc0-dd39-41a4-8274-bd9b0a02d5c1,27546102-2bd4-47c3-8fa4-ce8d3ac4784e,Parader-650 tab,PCM 650MG
3bffb669-1f13-4a90-a6e3-0c4577950434,fc33abc0-dd39-41a4-8274-bd9b0a02d5c1,27546102-2bd4-47c3-8fa4-ce8d3ac4784e,Paragli - 650 tab,PCM 650MG
0422cc28-d439-4e53-affe-5cd970465d8b,fc33abc0-dd39-41a4-8274-bd9b0a02d5c1,27546102-2bd4-47c3-8fa4-ce8d3ac4784e,Paramol 650 tab,PCM 650MG
8eb0852f-cbf3-44d8-a6c0-bac6a239c677,fc33abc0-dd39-41a4-8274-bd9b0a02d5c1,27546102-2bd4-47c3-8fa4-ce8d3ac4784e,Mysolon tab,PEDNESOLON 10MG
746817e8-e742-4863-b2bb-4dab981dc6e5,fc33abc0-dd39-41a4-8274-bd9b0a02d5c1,27546102-2bd4-47c3-8fa4-ce8d3ac4784e,Catazyme drops 15ml,Pepsin(Enzyme Drop) 15ML
cb564b05-4f6a-4f52-8b0c-95d18b565bf7,fc33abc0-dd39-41a4-8274-bd9b0a02d5c1,27546102-2bd4-47c3-8fa4-ce8d3ac4784e,Ceezyme drop 15ml,Pepsin(Enzyme Drop) 15ML
32b4fa67-7c95-438f-b94d-972437aba8f0,fc33abc0-dd39-41a4-8274-bd9b0a02d5c1,27546102-2bd4-47c3-8fa4-ce8d3ac4784e,Zymcare 15ml,Pepsin(Enzyme Drop) 15ML
e805d1ce-322c-4a72-8889-24d07a8ce575,fc33abc0-dd39-41a4-8274-bd9b0a02d5c1,27546102-2bd4-47c3-8fa4-ce8d3ac4784e,Avil tab,Pheniramine Maleate 25MG
c9014862-fa7a-4528-9fd7-d4196e2b8b53,fc33abc0-dd39-41a4-8274-bd9b0a02d5c1,27546102-2bd4-47c3-8fa4-ce8d3ac4784e,Bbc-cold tab,Phenylephrine Hydrochloride 5MG+Caffeine 16MG+PCM 325MG
ef29cb11-84c7-4f8a-8f76-09c31f69ade9,fc33abc0-dd39-41a4-8274-bd9b0a02d5c1,27546102-2bd4-47c3-8fa4-ce8d3ac4784e,Bye bye cold tab,Phenylephrine Hydrochloride 5MG+Caffeine 16MG+PCM 325MG
5a3c617f-74fd-4c2e-855c-f43a3c0aa3bf,fc33abc0-dd39-41a4-8274-bd9b0a02d5c1,27546102-2bd4-47c3-8fa4-ce8d3ac4784e,Coldoff tab,Phenylephrine Hydrochloride 5MG+Caffeine 16MG+PCM 500MG
c786db8a-cd28-4d01-aae2-04bc7966d82b,fc33abc0-dd39-41a4-8274-bd9b0a02d5c1,27546102-2bd4-47c3-8fa4-ce8d3ac4784e,Piomore - 30,PIOGLITAZONE HCL 30
5278c74c-ad6e-483f-9146-6caf1cf9dce6,fc33abc0-dd39-41a4-8274-bd9b0a02d5c1,27546102-2bd4-47c3-8fa4-ce8d3ac4784e,Piroxin dt tab,Piroxicam  20MG
103c9f67-ed10-43ba-9a21-69568bb4f1d4,fc33abc0-dd39-41a4-8274-bd9b0a02d5c1,27546102-2bd4-47c3-8fa4-ce8d3ac4784e,Bectodine solution,POVIDONE+IODINE LOTION 100ML
3c5b5212-e21c-4414-9197-8b74be8f98b4,fc33abc0-dd39-41a4-8274-bd9b0a02d5c1,27546102-2bd4-47c3-8fa4-ce8d3ac4784e,Bectosept lotion,POVIDONE+IODINE LOTION 100ML
e64849ec-4ca0-4ecd-9112-0ff21ee68092,fc33abc0-dd39-41a4-8274-bd9b0a02d5c1,27546102-2bd4-47c3-8fa4-ce8d3ac4784e,Biodine lotion,POVIDONE+IODINE LOTION 100ML
ade2b515-4656-41a2-9f7c-58ba826893f5,fc33abc0-dd39-41a4-8274-bd9b0a02d5c1,27546102-2bd4-47c3-8fa4-ce8d3ac4784e,Povicidal lotion,POVIDONE+IODINE LOTION 100ML
9a7b67d4-cad0-4978-8e8b-9d57b9e9cb5b,fc33abc0-dd39-41a4-8274-bd9b0a02d5c1,27546102-2bd4-47c3-8fa4-ce8d3ac4784e,Povirex lotion,POVIDONE+IODINE LOTION 100ML
1c86b48a-b27d-4d76-904d-f6aa179c2a3c,fc33abc0-dd39-41a4-8274-bd9b0a02d5c1,27546102-2bd4-47c3-8fa4-ce8d3ac4784e,Bectosept lotion,POVIDONE+IODINE LOTION 500ML
0ce1e275-3c80-4ceb-af22-3196883d3c09,fc33abc0-dd39-41a4-8274-bd9b0a02d5c1,27546102-2bd4-47c3-8fa4-ce8d3ac4784e,Cipladine,POVIDONE+IODINE LOTION 500ML
e749e1d0-7fa8-470b-b772-7925ade0b5ee,fc33abc0-dd39-41a4-8274-bd9b0a02d5c1,27546102-2bd4-47c3-8fa4-ce8d3ac4784e,Candine ointment 15gm,POVIDONE+IODINE OINTMENT
081b693a-5b8d-4b6c-8362-a6320757123e,fc33abc0-dd39-41a4-8274-bd9b0a02d5c1,27546102-2bd4-47c3-8fa4-ce8d3ac4784e,Eldine oin,POVIDONE+IODINE OINTMENT
13992540-cfaf-4308-a14f-78ecd45e5d78,fc33abc0-dd39-41a4-8274-bd9b0a02d5c1,27546102-2bd4-47c3-8fa4-ce8d3ac4784e,Parodine ointment 15gm,POVIDONE+IODINE OINTMENT
994c865c-5b39-4508-9dfc-64bef0e5693a,fc33abc0-dd39-41a4-8274-bd9b0a02d5c1,27546102-2bd4-47c3-8fa4-ce8d3ac4784e,Pilcodine ointment 10gm,POVIDONE+IODINE OINTMENT
2af66ff6-86c4-408f-aff2-dcee654740cd,fc33abc0-dd39-41a4-8274-bd9b0a02d5c1,27546102-2bd4-47c3-8fa4-ce8d3ac4784e,Povicept ointment 15gm,POVIDONE+IODINE OINTMENT
073344c1-8214-4d1d-8ac9-30e6a0bdd315,fc33abc0-dd39-41a4-8274-bd9b0a02d5c1,27546102-2bd4-47c3-8fa4-ce8d3ac4784e,Pegamin cap,PREGABALIN & METHYLCOBALAMIN
5b5fc332-338c-4ed5-ab42-0f028b68ea89,fc33abc0-dd39-41a4-8274-bd9b0a02d5c1,27546102-2bd4-47c3-8fa4-ce8d3ac4784e,Samotil tab,Prochlorperazine Maleate 5MG
398df7b5-fcfd-4a90-9bb5-c10ca6af66bf,fc33abc0-dd39-41a4-8274-bd9b0a02d5c1,27546102-2bd4-47c3-8fa4-ce8d3ac4784e,Senotil tab,Prochlorperazine Maleate 5MG
d6e83e3a-00c5-4758-8916-c4370f31ed3f,fc33abc0-dd39-41a4-8274-bd9b0a02d5c1,27546102-2bd4-47c3-8fa4-ce8d3ac4784e,Somitil tab,Prochlorperazine Maleate 5MG
0db84ae7-a28b-4f93-a01a-78bf58012212,fc33abc0-dd39-41a4-8274-bd9b0a02d5c1,27546102-2bd4-47c3-8fa4-ce8d3ac4784e,Lenazine syp,PROMETHAZINE HYDROCHLORIDE 60ML
9ddfae35-8ad9-4d4b-9708-689f0bb84751,fc33abc0-dd39-41a4-8274-bd9b0a02d5c1,27546102-2bd4-47c3-8fa4-ce8d3ac4784e,Paracain eye drop,Proparacaine Hydrochloride+chlorbutol 5ML
2b78b148-4216-4da1-aba6-83adc4a4ee5f,fc33abc0-dd39-41a4-8274-bd9b0a02d5c1,27546102-2bd4-47c3-8fa4-ce8d3ac4784e,Rabgli - 20 tab,Rabeprazole Gastro Resistant tab
6cc2fb0c-4880-4ecf-b091-9e5025f422c7,fc33abc0-dd39-41a4-8274-bd9b0a02d5c1,27546102-2bd4-47c3-8fa4-ce8d3ac4784e,Rabicon 20 tab,Rabeprazole Sodium 20MG
2f5b7605-af52-43b6-916f-269f5b920f22,fc33abc0-dd39-41a4-8274-bd9b0a02d5c1,27546102-2bd4-47c3-8fa4-ce8d3ac4784e,Rabicon d tab,RABEPRAZOLE Sodium 20MG+Domperidone 10MG
7c6ff24a-120f-449d-b28a-a05b26f8f884,fc33abc0-dd39-41a4-8274-bd9b0a02d5c1,27546102-2bd4-47c3-8fa4-ce8d3ac4784e,Ramigo tab,RAMIPRIL 5MG
25e34c8a-72bb-4855-b55d-47aaacf6990e,fc33abc0-dd39-41a4-8274-bd9b0a02d5c1,27546102-2bd4-47c3-8fa4-ce8d3ac4784e,Koptec 150 tab,RANITIDINE HYDROCHLORIDE 150MG
5f33060a-73c5-4e4f-a066-fb8344d5a4a9,fc33abc0-dd39-41a4-8274-bd9b0a02d5c1,27546102-2bd4-47c3-8fa4-ce8d3ac4784e,Ranius tab,RANITIDINE HYDROCHLORIDE 150MG
6952e84a-f287-470d-9c95-49f345e571d2,fc33abc0-dd39-41a4-8274-bd9b0a02d5c1,27546102-2bd4-47c3-8fa4-ce8d3ac4784e,Riploc 150,RANITIDINE HYDROCHLORIDE 150MG
5aeb2630-2b87-4b59-a323-b8b3e1df5b3a,fc33abc0-dd39-41a4-8274-bd9b0a02d5c1,27546102-2bd4-47c3-8fa4-ce8d3ac4784e,Sutek tab,RANITIDINE HYDROCHLORIDE 150MG
54ff2533-89de-4591-ad65-30e99ccbfb12,fc33abc0-dd39-41a4-8274-bd9b0a02d5c1,27546102-2bd4-47c3-8fa4-ce8d3ac4784e,Rimigut-550 tab,Rifaximin 550mg
f2e8c6ab-f6b7-41f4-a701-4228663143c9,fc33abc0-dd39-41a4-8274-bd9b0a02d5c1,27546102-2bd4-47c3-8fa4-ce8d3ac4784e,Rosuder 10 tab,Rosuvastatin 10mg
b1e4d3e5-60e2-4047-9b54-6ba8071375f7,fc33abc0-dd39-41a4-8274-bd9b0a02d5c1,27546102-2bd4-47c3-8fa4-ce8d3ac4784e,Rosuder 20 tab,Rosuvastatin 20mg
25a23f0e-20cd-4261-9db9-0becaf126b3f,fc33abc0-dd39-41a4-8274-bd9b0a02d5c1,27546102-2bd4-47c3-8fa4-ce8d3ac4784e,Roxilyc tab,Roxithromycin 150MG
2dec2c9a-43c8-4b22-b13d-e917cbee7842,fc33abc0-dd39-41a4-8274-bd9b0a02d5c1,27546102-2bd4-47c3-8fa4-ce8d3ac4784e,Roxycept 150mg tab,Roxithromycin 150MG
e7dc7d79-660b-4e3f-880d-b171b994f8b4,fc33abc0-dd39-41a4-8274-bd9b0a02d5c1,27546102-2bd4-47c3-8fa4-ce8d3ac4784e,Roxipen 50 dt tab,Roxithromycin 50MG
cce8160a-88c6-4de7-89f3-a0f006dd8715,fc33abc0-dd39-41a4-8274-bd9b0a02d5c1,27546102-2bd4-47c3-8fa4-ce8d3ac4784e,Sabul syp,Salbutamol Sulphate 100ML
bf314344-c8fa-4a78-9973-974581ef60a2,fc33abc0-dd39-41a4-8274-bd9b0a02d5c1,27546102-2bd4-47c3-8fa4-ce8d3ac4784e,Ashtasol tab,Salbutamol Sulphate 4MG
4dcd18f8-a877-493a-ac94-8b53fe50f8b2,fc33abc0-dd39-41a4-8274-bd9b0a02d5c1,27546102-2bd4-47c3-8fa4-ce8d3ac4784e,Astharid tab,Salbutamol Sulphate 4MG
3cc2091d-b72a-4298-9971-1f8670ef27a1,fc33abc0-dd39-41a4-8274-bd9b0a02d5c1,27546102-2bd4-47c3-8fa4-ce8d3ac4784e,Megasal 4mg tab,Salbutamol Sulphate 4MG
dea3d66f-2497-4a32-bc0a-ef4718ceec44,fc33abc0-dd39-41a4-8274-bd9b0a02d5c1,27546102-2bd4-47c3-8fa4-ce8d3ac4784e,Salbut tab,Salbutamol Sulphate 4MG
72f1c144-0cd1-4fd2-aebe-bc67cb50c434,fc33abc0-dd39-41a4-8274-bd9b0a02d5c1,27546102-2bd4-47c3-8fa4-ce8d3ac4784e,Salbutamol sulphate tab,Salbutamol Sulphate 4MG
607b95c1-effe-47f0-9941-4985ec39c5c4,fc33abc0-dd39-41a4-8274-bd9b0a02d5c1,27546102-2bd4-47c3-8fa4-ce8d3ac4784e,Salbutamol tab,Salbutamol Sulphate 4MG
0ad86e1f-4e98-4c6a-b575-a2a54512605d,fc33abc0-dd39-41a4-8274-bd9b0a02d5c1,27546102-2bd4-47c3-8fa4-ce8d3ac4784e,Salcen-4 tab,Salbutamol Sulphate 4MG
1f3ee7f2-7e42-4322-8c32-dfac81c1e8bb,fc33abc0-dd39-41a4-8274-bd9b0a02d5c1,27546102-2bd4-47c3-8fa4-ce8d3ac4784e,Senden gum paint,Senden Gum Paint 15GM
18779f4f-1652-4dae-99f9-5d479b03f27d,fc33abc0-dd39-41a4-8274-bd9b0a02d5c1,27546102-2bd4-47c3-8fa4-ce8d3ac4784e,Eyecool e/d,SODIUM CARBOXYLMITHYL 10ML
a5205add-97a4-434d-928b-0c997e6dc158,fc33abc0-dd39-41a4-8274-bd9b0a02d5c1,27546102-2bd4-47c3-8fa4-ce8d3ac4784e,Lubic e/d,SODIUM CARBOXYLMITHYL 10ML
26a6a4c7-681a-4e55-81fc-43596e967953,fc33abc0-dd39-41a4-8274-bd9b0a02d5c1,27546102-2bd4-47c3-8fa4-ce8d3ac4784e,Lubikan eye drop,SODIUM CARBOXYLMITHYL 10ML
3e2eded0-3b7b-4e66-986b-20adeaa3d19e,fc33abc0-dd39-41a4-8274-bd9b0a02d5c1,27546102-2bd4-47c3-8fa4-ce8d3ac4784e,Lubricor eye drop,SODIUM CARBOXYLMITHYL 10ML
9a173cba-cb0b-4eac-bb13-9d08cce2869c,fc33abc0-dd39-41a4-8274-bd9b0a02d5c1,27546102-2bd4-47c3-8fa4-ce8d3ac4784e,Lubrivis eye drop,SODIUM CARBOXYLMITHYL 10ML
35d1b00c-dc7a-4db3-8474-30f6aa1d6ffe,fc33abc0-dd39-41a4-8274-bd9b0a02d5c1,27546102-2bd4-47c3-8fa4-ce8d3ac4784e,Riofresh eye drop,SODIUM CARBOXYLMITHYL 10ML
8f4e4e95-411e-48f6-8569-94416f6502ac,fc33abc0-dd39-41a4-8274-bd9b0a02d5c1,27546102-2bd4-47c3-8fa4-ce8d3ac4784e,Weteyes drop,SODIUM CARBOXYLMITHYL 10ML
732fe147-975c-44a3-99ed-1cd7b0cb30b0,fc33abc0-dd39-41a4-8274-bd9b0a02d5c1,27546102-2bd4-47c3-8fa4-ce8d3ac4784e,Wetye eye drop,SODIUM CARBOXYLMITHYL 10ML
54f238d7-75f9-4140-a2e3-c18140f11e16,fc33abc0-dd39-41a4-8274-bd9b0a02d5c1,27546102-2bd4-47c3-8fa4-ce8d3ac4784e,Hypodent d solution,SODIUM HYPOCHLORITE SOLUTION 250ML
e93800b4-e424-448d-a815-580a32954bbf,fc33abc0-dd39-41a4-8274-bd9b0a02d5c1,27546102-2bd4-47c3-8fa4-ce8d3ac4784e,No cough sb syp,Sulbutamol Sulphate+Ambroxol 100ML
366b8ce4-74b0-49e3-b46b-510e1f0e78c3,fc33abc0-dd39-41a4-8274-bd9b0a02d5c1,27546102-2bd4-47c3-8fa4-ce8d3ac4784e,Alkali plus syp,SYSTEMIC ALKALISER 100ML
6b5506df-4c75-430f-9f24-dee6554bfb82,fc33abc0-dd39-41a4-8274-bd9b0a02d5c1,27546102-2bd4-47c3-8fa4-ce8d3ac4784e,Alkazol syp,SYSTEMIC ALKALISER 100ML
ca59faf7-6b9f-459b-8022-c4a99631f391,fc33abc0-dd39-41a4-8274-bd9b0a02d5c1,27546102-2bd4-47c3-8fa4-ce8d3ac4784e,Tampace t4,TAMSULINE HYDROCHLORIDE 0.4MG
3245d212-16eb-4fea-9403-1202e428600c,fc33abc0-dd39-41a4-8274-bd9b0a02d5c1,27546102-2bd4-47c3-8fa4-ce8d3ac4784e,Tamsufine tab,TAMSULINE HYDROCHLORIDE 0.4MG
d9fa2951-f68b-4a60-ab12-1307137bcdd4,fc33abc0-dd39-41a4-8274-bd9b0a02d5c1,27546102-2bd4-47c3-8fa4-ce8d3ac4784e,Tamz-d tab,TAMSULINE HYDROCHLORIDE AND DUTASTERIDE
75555eeb-6fdd-4379-abca-b637c0b81541,fc33abc0-dd39-41a4-8274-bd9b0a02d5c1,27546102-2bd4-47c3-8fa4-ce8d3ac4784e,Tele-h tab,TELMISARTAN & HYDROCHLOROTHIAZIDE
dc32bfe1-676b-4b33-8a77-36e095d6a0d3,fc33abc0-dd39-41a4-8274-bd9b0a02d5c1,27546102-2bd4-47c3-8fa4-ce8d3ac4784e,Tele-40 tab,TELMISARTAN 40 MG
70addab7-90b6-4bd8-8c53-974415506f9a,fc33abc0-dd39-41a4-8274-bd9b0a02d5c1,27546102-2bd4-47c3-8fa4-ce8d3ac4784e,Telmis 40 tab,TELMISARTAN 40 MG
993d4a9f-2310-4b08-96e3-9756d50d7315,fc33abc0-dd39-41a4-8274-bd9b0a02d5c1,27546102-2bd4-47c3-8fa4-ce8d3ac4784e,Ag cough syp,TERBUTALINE SULPHATE+GUAIPHENESIN+BROMHEXINE
9bbfd7c9-232e-44d0-92ae-e2a51f8c6a73,fc33abc0-dd39-41a4-8274-bd9b0a02d5c1,27546102-2bd4-47c3-8fa4-ce8d3ac4784e,Amcodex syp,Terbutaline Sulphate+Guaiphenisn+Ambroxyl Hcl 100ML
529dbfea-3439-49b6-83bf-2040abf20f94,fc33abc0-dd39-41a4-8274-bd9b0a02d5c1,27546102-2bd4-47c3-8fa4-ce8d3ac4784e,Ascotor - ax syp,Terbutaline Sulphate+Guaiphenisn+Ambroxyl Hcl 100ML
1846c2fe-ad41-4169-a9dc-7d70f3400811,fc33abc0-dd39-41a4-8274-bd9b0a02d5c1,27546102-2bd4-47c3-8fa4-ce8d3ac4784e,Ascotor-ap syp,Terbutaline Sulphate+Guaiphenisn+Ambroxyl Hcl 100ML
5995c7f4-9298-4c85-987b-a0eddd50c980,fc33abc0-dd39-41a4-8274-bd9b0a02d5c1,27546102-2bd4-47c3-8fa4-ce8d3ac4784e,Codex br syp,Terbutaline Sulphate+Guaiphenisn+Ambroxyl Hcl 100ML
461b8385-c874-453a-a1c6-343f7f938250,fc33abc0-dd39-41a4-8274-bd9b0a02d5c1,27546102-2bd4-47c3-8fa4-ce8d3ac4784e,Amcodex junior syp,Terbutaline Sulphate+Guaiphenisn+Ambroxyl Hcl&Menthol 60ML
e5a26c37-9df9-4eb7-8630-67941e9a90aa,fc33abc0-dd39-41a4-8274-bd9b0a02d5c1,27546102-2bd4-47c3-8fa4-ce8d3ac4784e,Blukof junior syp,Terbutaline Sulphate+Guaiphenisn+Ambroxyl Hcl&Menthol 60ML
1e8f3775-68de-4457-9acb-7ea97ce27195,fc33abc0-dd39-41a4-8274-bd9b0a02d5c1,27546102-2bd4-47c3-8fa4-ce8d3ac4784e,Tetralab tab,Tetracylcine 500MG
e5d57da2-ca4a-40e0-a918-23a2d92c1ec0,fc33abc0-dd39-41a4-8274-bd9b0a02d5c1,27546102-2bd4-47c3-8fa4-ce8d3ac4784e,Pharmaplex  tab,Thiamine B1 1MG+Riboflovine B2 1MG+Pyridoxine HCL 1MG
b1a7ce2a-92f8-4ac1-961f-e3cd156279ba,fc33abc0-dd39-41a4-8274-bd9b0a02d5c1,27546102-2bd4-47c3-8fa4-ce8d3ac4784e,Thyro-ace tab,THYROXINE 50MG
5a7d01cb-5a11-4473-ba4b-04bc00e1e75c,fc33abc0-dd39-41a4-8274-bd9b0a02d5c1,27546102-2bd4-47c3-8fa4-ce8d3ac4784e,Spatiz 2 tab,Tizanidine HCL 2MG
2308a99b-3389-490e-a87a-e8d73004099a,fc33abc0-dd39-41a4-8274-bd9b0a02d5c1,27546102-2bd4-47c3-8fa4-ce8d3ac4784e,Tobra eye drop,TOBRAMYCIN 0.3%
652edb30-f963-4ea9-af63-8e23439f68d0,fc33abc0-dd39-41a4-8274-bd9b0a02d5c1,27546102-2bd4-47c3-8fa4-ce8d3ac4784e,Toralin eye drop,TOBRAMYCIN 0.3%
b4c4493a-f17b-4640-a10a-12890f5945b2,fc33abc0-dd39-41a4-8274-bd9b0a02d5c1,27546102-2bd4-47c3-8fa4-ce8d3ac4784e,Tovid e/e,TOBRAMYCIN 0.3%
5043b488-f558-4cd1-8b80-31fb751f0032,fc33abc0-dd39-41a4-8274-bd9b0a02d5c1,27546102-2bd4-47c3-8fa4-ce8d3ac4784e,Sysmide tab,Torsemide 5MG
f1313966-3738-4438-9e61-d816f83129ed,fc33abc0-dd39-41a4-8274-bd9b0a02d5c1,27546102-2bd4-47c3-8fa4-ce8d3ac4784e,Tropicacyl plus drop,Tropicamide +Phenylephrine 5ML
87dcf55b-71ae-4440-b8ff-8c344f1dec85,fc33abc0-dd39-41a4-8274-bd9b0a02d5c1,27546102-2bd4-47c3-8fa4-ce8d3ac4784e,Udiciv 300 tab,URSODEOXYCHOLIC ACID 300 MG
6df10a75-7726-4b86-8abd-319f9f2f4043,fc33abc0-dd39-41a4-8274-bd9b0a02d5c1,27546102-2bd4-47c3-8fa4-ce8d3ac4784e,Ed vission,VITAMIN A+D
7a3b751b-e850-41fa-b461-57770387b80b,fc33abc0-dd39-41a4-8274-bd9b0a02d5c1,27546102-2bd4-47c3-8fa4-ce8d3ac4784e,Retnodol cap,VITAMIN A+D
a66ad9bb-181b-4e4f-a684-6a09f89857a0,fc33abc0-dd39-41a4-8274-bd9b0a02d5c1,27546102-2bd4-47c3-8fa4-ce8d3ac4784e,Sipdivit tab,VITAMIN A+D
a8a1e1e3-aba9-48f8-a96d-8b71546f184b,fc33abc0-dd39-41a4-8274-bd9b0a02d5c1,27546102-2bd4-47c3-8fa4-ce8d3ac4784e,Sofgel cap,VITAMIN A+D
e68877fa-254a-44d8-90ec-74f930a985e1,fc33abc0-dd39-41a4-8274-bd9b0a02d5c1,27546102-2bd4-47c3-8fa4-ce8d3ac4784e,Sol-ad cap,VITAMIN A+D
aabf3b26-e225-4cbe-a018-1a1b224b8d51,fc33abc0-dd39-41a4-8274-bd9b0a02d5c1,27546102-2bd4-47c3-8fa4-ce8d3ac4784e,Vitamins a & d cap,VITAMIN A+D
c9c56604-382c-43b5-af11-78558ec27764,fc33abc0-dd39-41a4-8274-bd9b0a02d5c1,27546102-2bd4-47c3-8fa4-ce8d3ac4784e,Nervobion forte tab,VITAMIN B COMPLEX+B12
7dcaea05-f542-408a-aa15-ad67ac71055f,fc33abc0-dd39-41a4-8274-bd9b0a02d5c1,27546102-2bd4-47c3-8fa4-ce8d3ac4784e,Neurorid forte tab,VITAMIN B COMPLEX+B12
abfbd2ff-982c-4715-a1d3-da6251a4e283,fc33abc0-dd39-41a4-8274-bd9b0a02d5c1,27546102-2bd4-47c3-8fa4-ce8d3ac4784e,Nazicone nasal drop,XYLOMETAZOLYNE HYDROCHOLORIDE 10ML
fe2620ca-f1cc-4d89-bd59-4e2d281f9c23,fc33abc0-dd39-41a4-8274-bd9b0a02d5c1,27546102-2bd4-47c3-8fa4-ce8d3ac4784e,Xylopen nasal drop,XYLOMETAZOLYNE HYDROCHOLORIDE 10ML
90a30920-2834-4bd2-b12a-58e65d2050ba,fc33abc0-dd39-41a4-8274-bd9b0a02d5c1,27546102-2bd4-47c3-8fa4-ce8d3ac4784e,Biotrivin paed nasal drop,XYLOMETAZOLYNE PAEDRIATIC 10ML
0a12e614-ee21-480c-b01a-ec5221758c0d,fc33abc0-dd39-41a4-8274-bd9b0a02d5c1,27546102-2bd4-47c3-8fa4-ce8d3ac4784e,Zed 50mg tab,ZINC SULPHATE 50MG
5a574901-ee2b-42db-9f0e-733d20d49e46,fc33abc0-dd39-41a4-8274-bd9b0a02d5c1,27546102-2bd4-47c3-8fa4-ce8d3ac4784e,Zincopac boost tab,ZINC SULPHATE 50MG
